score,content,cleaned_text,manual_label
3,"Halo ruangguru, awal nya saya memakai ruangguru berjalan dengan lancar dan memuaskan. namun tiba"" akun saya logout sendiri dan tiba"" fitur 'screenshot' di aplikasi tidak bisa di gunakan dan selalu loading lama, dan hasil 'screenshot' nya juga tidak bisa dilihat lagii. padahal fitur itu betul"" saya butuhkan. karena di apk tidak bisa screenshot manual dari bawaan hp. dan saat sesudah loading pasti menampilkan tulisan 'terjadi pada kesalahan sistem kami'. tolong ruangguru segera perbaiki",halo pakai jalan lancar muas akun logout fitur screenshot aplikasi loading hasil screenshot lagi fitur butuh aplikasi screenshot manual bawa loading tampil tulis salah sistem tolong baik,negatif
5,"RUANGGURU EMANG SEBAGUS ITU TOPMARKOTOP COCOK BANGET BUAT YANG NGINCER UNIVERSITAS TOP 3ğŸ¥° banyak fiturnya, bisa ketemu temen temen yang saling ngedukung buat belajar dan menggapai impian, interaksi dengan gurunya juga asik jadi ga bikin ngantuk kalau lagi belajar, kita bisa nanya dan guru nya pasti bakal jawab, dalam satu sesi tu ada satu guru dan satu pengawas, kalau habis sesi juga kita bisa langsung ngerjain drill soal BANYAK YANG MAU AKU JELASIN TAPI GA BISAA LOPYUUU RUANGGURU ğŸ¥°ğŸ¥°ğŸ¥°ğŸ’ğŸ’ğŸ’",emang bagus topmarkotop banget buat yang ngincer universitas fiturnya temu temen ngedukung ajar gapai impi interaksi guru asik tidak ngantuk ajar nanya sesi awas habis sesi langsung ngerja drill banyak yang jelas tapi tidak bisaa lopyu,positif
5,"aplikasinya helpful bangett, paling suka fitur rangkuman, fitur pembagian video,fitur pencari materi,roboguru. krn memudahkan buat nyari materi yg diinginkan di waktu terbatas. (waktu mendekati ujian) . drill soalnya juga membantu, tp kadang kadang, ada bbrp soal yg muncul berulang. saran utk vid pembelajaran kasi subtitle otomatis,biar pas keadaannya ga memungkinkan,ttp bisa pahami isi video. kl bisa khusus yg udh langganan tlg jgn terlalu dksh banyak pop up iklan,sedikit disturbing.",aplikasi helpful banget suka fitur rangkum fitur bagi videofitur cari materiroboguru karena mudah nyari materi batas dekat drill bantu tapi kadang bbrp muncul ulang saran ajar kasi subtitle otomatisbiar tidak mungkinkanttp paham video kalau khus sudah langgan dksh iklansedikit sturbing,positif
4,"Alhamdulillah selama saya mendaftar di ruang guru ini alhamdulilah nilai saya mulai membaik, ya memang tidak langsung 100% benar TPI udah mulai meningkat, dan menurut saya saat saya melihat video pembelajarannya itu mudah difahami, apalagi saya sukanya terkadang ada kuis nyağŸ¤© yuk buruan teman daftar juga, ga maksa yaa,,, yang minat buruan daftar ğŸ˜‰ğŸ‘",alhamdulillah daftar alhamdulilah nilai baik langsung sudah tingkat video ajar mudah fahami suka terkadang kuis buru teman daftar tidak maksa minat buru daftar,positif
1,"Maaf, kenapa, ya? Ketika aku masuk aplikasinya, selalu muncul notifikasi ""Ruangguru tidak ada tanggapan"" dan walaupun udah refresh berkali-kali, bahkan sampai uninstall aplikasinya tetap seperti itu.",maaf tika masuk aplikasi muncul notifikasi tanggap sudah refresh kali uninstall aplikasi,negatif
4,"sebenarnya ini aplikasinya bermanfaat banget, tapi gatau kenapa sering bgt eror, kadang sampe halaman putih gitu, udah dicoba uninstall, terus download lagi masih begitu, ini emang jaringan ku yang salah apa dari sistem dari sananya yg eror",aplikasi manfaat banget gatau banget eror kadang sampe halaman putih gitu sudah coba uninstall download emang jaring salah sistem sana eror,negatif
2,"Aplikasi nya error udah 3 hari gabisa di buka untuk belajar pas di buka layar putih terus hitam keluar lagi gabisa masuk ke apk pdahal saya udah langganan, tolong di perbaiki aplikasi nya",aplikasi error sudah gabisa buka ajar buka layar putih hitam gabisa masuk aplikasi pdahal sudah langgan tolong baik aplikasi,negatif
3,"Aplikasi ruang guru sangat membantu untuk lebih memahami pelajaran karena bisa menonton video, mengikuti live teaching, dan mengerjakan banyak soal Edit: fitur drill soal blum update untuk kurmer sama video ruang belajarnya jg blum lengkap Edit lagi setelah update app: masa pas saya buka bank soal untuk latihan PAS yg ada cuma untuk ipa sm ips? tolong untuk kurmer jg diadakan ya, padahal sebelum update ada untuk kurmer walaupun dikit, sekarang malah gk ada",aplikasi bantu paham ajar video ikut live teaching edit fitur drill blum update kurmer video ajar juga blum lengkap edit update buka bank latih sama tolong kurmer juga update kurmer tidak,negatif
5,"keren! aku langganan BA juga disini, offline class nya seru kakanya ramahÂ². video materi dan latsol di apk ini penjelasannya jelas bangett!! tapi perlu update pembahasan setiap materi mapel biar lebih relevan sama yang diajarkan disekolah.",langgan offline class seru kanya ramah video materi latsol aplikasi jelas banget update bahas materi mapel biar relevan ajar seko,positif
1,"saya baru sekali pake apk ini sekali, tapi setelah beberapa hari ga saya buka aplikasi nya malah ga bisa di buka lagi... padahal saya sudah ambil paket yang 1 tahun, jadi kalo mau pake ini harus log in ulang. ini saya edit, apk ini benerÂ² deh ya masa lama ga di pake pas mau di buka lagi halamannya jadi putih semua ga ada tulisan atau gambar satu pun, awalnya masih optimis bisa dibuka lewat web kaya waktu itu ternyata sama aja putih semua, kecewa ga akan saya pakai lagi apk ini",pake aplikasi tidak buka aplikasi tidak buka ambil paket kalo pake ulang edit aplikasi bener tidak pake buka halaman putih tidak tulis gambar optimis buka kaya saja putih cewa tidak pakai aplikasi,negatif
1,"ngelag terus setiap masuk app keluar lagi padahal ga pencet apa apa tolong dong edit: tetep aja rupanya keluar masuk terus, pembaruan apanya malah jadi app rusak gajelas. mending gausa berlangganan aja kalo ga berguna.",ngelag masuk tidak pencet tolong edit saja masuk baru rusak gajelas nding gausa langgan saja kalo tidak guna,negatif
3,"mantap ga nyesel langganan langsung 1th di ruangguru karena materi, video penjelasan mudah dipahami dengan harga yang terjangkau luvv buat ruangguruğŸ¤©ğŸ˜ edit : jadi bintang 3 karena nelfon nelfon terus tadinya takut siapa soalnya no ga dikenal apalagi telp di pesan bukan di whatsapp lain kali chat aja di wa jangan telpon soalnya banyak penipuan di zaman ini",mantap tidak nyesel langgan langsung materi video jelas mudah paham harga jangkau luvv edit bintang nelfon takut tidak telp pesan whatsapp kali chat saja telpon tipu zaman,netral
3,"bagus tapi banyak jeleknya, dari pemasarannya yang suka spam chat whatsapp udah jelek, terus sistem aplikasinya suka ngelag dan error, padahal pengguna setia rg tapi belum ada perkembangan yang memuaskan bagi pengguna, ngga semua bagian bagian dalam aplikasi bisa di gunakan sepenuhnya kaya roboguru diaku ngelag parahh jadi ngga pernah kepakai, brain academy juga suka error dari sistemnya,suka logout sendiri lagi akunnya, saat mau buka download jg gabisa klo ga ada kuota aneh. sekian terimakasih.",bagus jelek pasar suka spam chat whatsapp sudah jelek sistem aplikasi suka ngelag error guna setia mbang muas guna tidak aplikasi penuh kaya roboguru ngelag parahh tidak pakai academy suka error sistemnyasuka logout akun buka download juga gabisa kalau tidak kuota aneh kian terima kasih,negatif
5,menurut saya aplikasi ini sangat membantu sekali siswa/i sekolah karena penjelasanya sangat mudah untuk dipahami dan ada latihan soalnya langsung pkoknya keren dan berguna cobain deh. sukses selalu untuk ruang guru,aplikasi bantu siswa kolah jasa mudah paham latih langsung pkoknya guna coba sukses,positif
3,"server nya suka ada gangguan sendiri, jadi waktu mau belajar jadi nggak jadi karena gak bisa masuk, tapi memang bagus pol buat belajar soalnya gampang di cerna terus bisa nanya nanya lagi, tapi server nya bikin kesel",server suka ganggu ajar tidak masuk bagus ajar gampang cerna nanya server,negatif
5,"aplikasi nya sangat membantu banget buat aku ngerjain tugas + persiapan tka, saya beruntung bisa langganan di Ruang guru. Tapi mohon untuk server nya di perbaiki lagi, dari kemarin malam saya mau belajar buat persiapan TO hari ini malah ga bisa, bahkan sampai emosi saya. Padahal wifi saya ga ada kendala, buat main game berat lancar banget. Mohon yağŸ™ğŸ™ğŸ™",aplikasi bantu banget ngerja tugas siap untung langgan tapi mohon server baik malam ajar siap tidak emosi padahal wifi tidak ndala game berat lancar banget mohon,negatif
2,"servernya tolong di upgrade lah, masa cuman mau masuk ga bisa gegara server eror, udah tau aplikasi nya bermanfaat ya pasti banyak yang mau masuk ke apk nya, mas iya server nya payahğŸ˜‰",servernya tolong upgrade cuman masuk tidak gegara server eror sudah aplikasi manfaat masuk aplikasi server payah,negatif
4,"min, tolong perbaiki apk nya, terlalu sering pembaruan dan ngelag... sering lemot juga..pdhl kelas offline juga pake apk ini, tolong segara diperbaikiğŸ™ğŸ»",tolong baik aplikasi baru ngelag jugapdhl offline pake aplikasi tolong gara baik,negatif
4,"terkadang ketika di pembahasan angkanya itu terlallu kecil, kuharap akan disertai di update selanjutnya untuk fitur memperbesar, agar bisa melihat angka/hurus yang cukup kecil, contohnya ketika aku melihat pangkat didalam pembahasan mtk, itu terkadang susah untuk dilidilihat",terkadang bahas angka terlalu harap serta update fitur besar angkahurus contoh pangkat dalam bahas terkadang susah lihat,negatif
5,"Menurutku,ini aplikasi belajar terbaik.karena semua pelajaran dan materi ada di ruangguru,bisa latihan soal juga.walaupun masih banyak video yang belum bisa terbuka karena harus berlangganan.tapi aku udah terbantu banget dengan ruangguru.terima kasih ya ruangguru",nurutkuini aplikasi ajar terbaikkarena ajar materi ruanggurubisa latih jugawalaupun video buka berlanggantapi sudah bantu banget ruangguruterima kasih,positif
5,"untuk app nya sudah bagus, tetapi masih ada yang kurang yaitu dibagian materi pembelajarannya contohnya materi vektor fisika sekarang sudah diajarkan di kelas 10 sedangkan jika dilihat dari applikasinya materi ini ada di kelas 11. mungkin bisa disesuaikanğŸ™",bagus bagi materi ajar contoh materi vektor fisika ajar applikasinya materi mungkin suai,netral
1,"tolong ini apk nya knp gak bisa dibuka ya, setiap dibuka cuma muncul layar putih doang trus langsung keluar gitu aja terus berkali-kali diulangi juga tetap sama gimana mau belajar utbk nya, padahal udah berlangganan. Tolong dong diperbaiki lagi apk nya",tolong aplikasi buka muncul layar putih doang trus langsung gitu saja kali ulang gimana ajar utbk sudah langgan tolong baik aplikasi,negatif
5,"sangat baik dan membantu untuk belajar juga materi mudah dipahami dengan visualisasi yang baik.Namun saya berharap pihak ruangguru bisa memperlengkap isi catatan suatu materi.Bila mungkin, disediakan dua versi catatan, yaitu ringkas dan lengkap terimakasih",bantu ajar materi mudah paham visualisasi baiknamun harap lengkap materibila sedia versi ringkas lengkap terima kasih,netral
5,cukup bagus sih aplikasi nya ğŸ˜ tapi ada beberapa yang harus dibayar..tapi gapapa deh kan bermanfaat juga ğŸ‘ğŸ¿ Karena ada fitur belajar untuk anak-anak apa banget juga aku masih anak-anak dan ada fitur foto semoga buat kalian yang download bisa bernilaikan dengan baik ya ğŸ™ğŸ¿ğŸ˜dan jangan lupa aplikasi ini untuk belajar bukan untuk dites-tes saja hanya sekedar infoğŸ˜ğŸ˜ğŸ‘ğŸ¿makasih ya min semoga kedepannya fitur-fitur yang berbayar bisa di buka secara gratis sama adminnyağŸ˜ğŸ˜ bay semuanya,bagus aplikasi bayartapi gapa manfaat karena fitur ajar anak banget anak fitur foto moga download nilai lupa aplikasi ajar infomakasih moga depan fitur bayar buka gratis adminnya,positif
1,"mimiiiiinnn, aku cuma mau belajar miin, kenapa ga bisa dibukaaaa????? ğŸ˜­ğŸ˜­ğŸ˜­ğŸ˜­ ini bukan masalah jaringan, bahkan jaringan wifi bagus pun tetap lelet, berapa kali aku coba buat buka video pembahasan, selalu gabisa, pasti ada pengumuman ""ada masalah dengan sistem ini"". sekalinya aku re-install dan mau login, udah gabisa. duuhhh, ini kalo seandainya disini bisa ngirim foto, udah aku kirim buktinya min! ini tuh kenapa sebenernya, mau nangis aku, sekalinya pengen rajin belajar, malah jadi gini...",ajar tidak buka jaring wifi bagus kali coba buka video bahas gabisa sistem kali reinstall sudah gabisa duuh kalo anda ngirim foto sudah kirim bukti benernya nang kali ajar,negatif
5,KEREN BANGET di videonya kan ada tuh mau bahas materi nah disitu ada pilihan kita mau yang mana dijelasin nya kayak lagi sekolah padahal itu video nya masih berjalan keren bangeet dan kuis di videonya bisa kita jawab dengan menekan pilihannya kerenn,banget video bahas materi situ pilih jelas kayak kolah video jalan banget kuis video tekan pilih keren,positif
4,"sangat berguna buat belajar, cuman tolong bug nya diperbaiki min. masa aku lagi offline gak punya kuota malah gak bisa buka video yang udah di-download? katanya gak ada internet, bukannya kalo udah di download bisa dibuka tanpa internet? kadang layarnya juga stuck seperti aplikasi yg sangat berat, padahal hp ku bisa menjalankan game berat.",guna ajar cuman tolong baik offline kuota buka video sudah download internet kalo sudah download buka internet kadang layar stuck aplikasi berat jalan game berat,negatif
5,"saat ini saya merupakan anak kelas 12 SMA yang akan menghadapi TKA. bisa ""di TKA ini saya membutuhkan pemahaman materi yang mendalam konsep-konsep dasar supaya saya bisa mengerjakan soal-soal di TKA nanti"" saya merupakan anak yang suka belajar menggunakan VISUAL dan AUDIO. dan RUANGGURU memberikan fasilitas pengajaran sesuai dengan TIPE SAYA. -Materi (Ringkas + Jelas) setelah itu -Muncul Kuis Singkat (Yang membantu Mengingatkan saya ke materi) -Di akhir Materi ada Ulangan yang membantu sekali.",anak hadap butuh paham materi dalam konsep dasar soal anak suka ajar visual audio fasilitas ajar sesuai tipe saya materi ringkas jelas muncul kuis singkat yang bantu ingat materi ulang bantu,positif
5,"Aplikasinya bagus dan kualitasnya tidak mainÂ². Tapi, saran saja, mungkin bisa tambah fitur subtittle ? Karena agak susah kalau nonton video tapi lingkungan sekitar ribut, gak bisa dengarkan suaranya ğŸ˜…",aplikasi bagus kualitas tapi saran mungkin fitur subtittle karena susah nonton video lingkung ribut dengar suara,netral
2,"Untuk aplikasinya sangat baik, namun dari sisi pelayanan sangat kurang. Bantuan hanya diberikan saat proses pembayaran. Setelah itu, ketika saya meminta bantuan terkait akses akun melalui WhatsApp sejak hari Minggu, tidak ada balasan sama sekali. Jika saya gaptek, mungkin saya bisa saja mencari sendiri cara mengakses kelas di internet. Namun, bukan itu poinnya. Masalah ini bukan soal pengguna gaptek atau tidak, melainkan soal komunikasi dan pelayanan kepada pengguna.",untuk aplikasi layan bantu proses bayar telah bantu kait akses akun whatsapp minggu balas jika gaptek cari akses internet namun masalah guna gaptek komunikasi layan guna,negatif
5,"terimakasih ruang guru, sangat membantu dalam belajar anak anak saat mau ikut ujian nanti, penjelasan nya simpel, diterangkan materi dengan detail, banyak soal soal nya, membuat kita akan selalu berlatih dalam belajar.",terima kasih bantu ajar anak jelas simpel terang materi detail latih ajar,positif
3,"1.Tolong benerin masalah kaya total waktu belajar,masa 1 hari keitungnya cuma 2 - 5 menit padahal 1 video bisa 3 - 15 menit dan videonya udah selesai masa dihitung belum selesai. 2.Harusnya Ruangguru bisa buat video baru dengan penjelasan baru yg diupdate per beberapa tahun,masa pake video pembelajaran dari tahun pas covid sampe 2025 masih sama aja. 3.Ruangguru kalo update jangan setengahÂ² kaya hari ini update besok update,giliran dh update eh malah fitur jawab pertanyaannya ngebug.",tolong bener kaya total belajarmasa itungnya video video sudah lesa hitung lesa harus video jelas update tahunmasa pake video ajar covid sampe saja kalo update kaya update besok updategiliran update fitur tanya ngebug,negatif
5,apknya bagus cuma kalau ngga belajar lebih dari 3 hari siap siap dapet notif untuk belajar lagi diruangguru. tapi walau gitu tetep bintang 5 so best for this aplication. tolongiklannya yg ga berkaitan dengan pengembangan nilai dihapus atau diblokir karwna cukup mengganggu pembelajaran.,apknya bagus tidak ajar dapet notif ajar ruangguru gitu bintang best this aplication tolongiklannya tidak kait mbang nilai hapus blokir karwna ganggu ajar,positif
1,"kenapa aplikasi nya gak bisa terbukağŸ˜­ğŸ˜­ğŸ˜­ğŸ˜­ kalau di buka layar hitam muncul trs langsung keluar, saya mau belajar dan latihan soal jadi gak bisaaaaaa TOLONGG SAYA MAU UAS NIEH ğŸ˜­ğŸ˜­ğŸ˜­ğŸ˜­ğŸ˜­",aplikasi buka layar hitam muncul terus langsung ajar latih bisa tolong saya nieh,negatif
2,"sering terjadi kesalahan pada sistem dan kadang tidak bisa masuk aplikasi, tolong segera diperbaiki..",salah sistem kadang masuk aplikasi tolong baik,negatif
1,"kecewa, aku langganan untuk tka tpi ga bisa ikut tryout tka nya. pop up nya delalu muncul, tapi setiap di buka selalu ga muncul opsi to tka nya. aku kira emg ga bisa jadi aku belajar biasa aja, cuma pas aku mau cari soal tka di google eh malah muncul opsi dari rg dan pas aku buka ternyata to nya masih ada tpi sayang bangeg aku baru liat pas 20 menit sebelum waktu to selesai jd aku ga bisa apa2 lagi. sumpah, 2 minggu aku bolak balik buat nyoba tpi bnrn sampe akhir pun ga muncul, sedih bangettâ˜¹ï¸",cewa langgan tidak tryout dalu muncul buka tidak muncul opsi tidak ajar saja cari google muncul opsi buka sayang bangeg liat lesa jadi tidak sumpah minggu bolak coba bnrn sampe tidak muncul sedih banget,negatif
5,"setelah pakai Ruang guru semua mapel jadi mudah contoh ni MTK dulu aku gak paham contoh materi bunga dulu aku bingung pas mau masukin angka tapi setelah Join ruang guru aku udah paham semua nya dari rumus, pengertian dan jenis jenis bunga Dan yg paling menarik adalah video penjelasan yang sangat keren dan gak bikin bosen master teacher nya njelasin bikin paham ruangguruisthebest#",pakai mapel mudah contoh paham contoh materi bunga bingung masuk angka sudah paham rumus erti jenis bunga tarik video jelas bosen master teacher njelas paham ruangguruisthebest,netral
1,"Sudah bayar sesuai arahan admin, tiba-tiba dikatakan ada kesalahan dan harus refund. Kalian yang salah, tapi minta saya urus refund yang MENYULITKAN siswa. Refund cair lama, dan LMS saya di block?? MENYUSAHKAN sekali ya. Kapok dan tidak akan pernah pakai jasa kalian.",sudah bayar suai arah tiba salah refund kalian salah urus refund sulit siswa refund cair block susah kapok pakai jasa,negatif
4,"menurut saya aplikasi ini membuat anak menjadi lebih ingin belajar, banyak sekali video belajar nya. Namun kalau dari saya kurangnya kadang-kadang soal yang ada di kuis suka tidak terlihat.ğŸ˜ŠğŸ™",aplikasi anak ajar video ajar namun kalau kurang kadang kuis suka,netral
5,"aplikasi ini luar biasa membuat akunnya juga enggak terlalu sulit dan aku sudah coba di aplikasi ini bisa juga seken mata pelajaran apapun yang kalian mau nah pasti da tinggal pencet ""telusuri apa yang anda mau pelajari"". nah itu saja dari aku agus putra. om shatih-shantih omğŸ™â˜º",aplikasi akun sulit coba aplikasi mata ajar tinggal pencet telusur ajar agus putra shatihshantih,netral
3,"bagus, lengkap, adaptonya juga keren, tapi gak enaknya itu sekalinya mutualan sama ini apk, siap"" ajh di telfon. ini pengalaman pribadi ya. padahal niat dari awal, cuman beli paket ruangbelajar ajh itu udh cukup banget. tapi marketing rg bener"" killer deh sampe nelfon tiba"" tapi bukan pakai WA. awalnya diajak ngobrol deeptalk sampe akhirnya promosi buat upgrade ke brain academy online, kebawa suasana, endingnya duit saya habis sampe 2jt, padahal gak butuh"" banget. mana gak bisa balik lagi.",bagus lengkap adaptonya enak kali mutualan aplikasi telfon alam pribadi niat cuman beli paket ruangbelajar sudah banget marketing bener killer sampe nelfon pakai ajak ngobrol deeptalk sampe promosi upgrade academy online bawa suasana endingnya duit habis sampe butuh banget,netral
1,"materi pelajaran nya bikin bingung, gak lengkap, dan aneh nya waktu pelajaran mtk materi yang di jelasin cuma mudah terus pas kuis tiba tiba ada meteri yg belum di jelasin, mana pas di jelasin cara penyelesaian nya gak niat, yang penting menjelaskan materi tampa mengasihi tahu dari mana hal tersebut muncul, saya sangat menyesal sudah menghabiskan uang ortu untuk ruangbelajar, mending belajar sendiri dan cari di youtube yg lebih jelas dan mudah di pahami.",materi ajar bingung lengkap aneh ajar materi jelas mudah kuis jelas lesa niat materi tampa asih muncul sesal habis uang ortu ruangbelajar nding ajar cari youtube mudah paham,negatif
4,"RG ini aplikasi bagus tapi kenapa ya akhir akhir ini updatenya sering banget dan malah jadi makin jelek. contohnya sekarang kalau drill soal gabisa lebih dari 10 per bab, dan yang paling aneh kita jadi gabisa pilih sub bab di dril soal padahal sebelumnya bisa. mohon segera diperbaiki ya agar kami sebagai pengguna lebih nyaman belajarnya",aplikasi bagus updatenya banget jelek contoh drill gabisa aneh gabisa pilih dril mohon baik guna nyaman ajar,negatif
5,"Ruangguru the best lah pokoknya, materinya pas kayak yg disekolah, jadi pas ulangan jadi gampang ngerjain nya, SAT SETT...ya pokoknya baguss dehhh, kalo aku gunain ruangguru dari kelas 5 SD sampai sekarang kelas 8 SMP...terimakasih ruangguru telah membimbing saya sampai sekarannggg...aplikasi nya bagus syekaliiiiğŸ¤©ğŸ¤©ğŸ¤©",best materi kayak sekolah ulang gampang ngerja ttya bagus kalo guna smp terimakasih bimbing karan aplikasi bagus syekali,positif
3,"sy mengalami kendala dmn hri ini sy menjwb soal kuis akhir pda fitur persiapan utbk, setelah sy menjwb soal dan mengakhiri kuis, sy melihat skor sy sangat rendah sy berpikir jwbn sy slah, ketika sy melihat pembahasan soal, sy bingung krn awalnya sy memilih pilihan c dan pada pembahasan pilihan tersebut bnr, namun sy heran pilihan yang awalnya c berubah menjadi d, saya mengulangi kuis untk memastikan, namun hasilnya sama sj, sdh terjdi beberapa kli, fitur yg sdng bermslh, mhn perbaikannyağŸ™ğŸ»",alami ndala njwb kuis fitur siap utbk njwb kuis skor rendah pikir jwbn slah bahas bingung karena pilih bahas pilih heran pilih ubah ulang kuis untk hasil terjdi fitur sdng bermslh baik,netral
5,"ngeselin banget, fiturnya ga lengkap padahal udah keluar 8**k mana fitur ai gada di apk nya harus lewat link(sengaja ngasih bintang 5 biar ulasan ku naik). and the last energi ai ku tiba2 habis padahal ga kepake wkwk",ngesel banget fiturnya tidak lengkap sudah fitur gada aplikasi linksengaja ngasih bintang biar ulas last energi habis tidak pake,negatif
1,"sumpah ya, cs nya ga bgt, pernah sampe nanya hal sensitif dan ga ramah bgt. ribet gajelas padahal aplikasinya bagus tapi cs nya woww big no bgt. ini kalo bintangnya bisa mines tak hingga pun kukasi karna csnya red flag! tolong ya diperbaiki cs sombong nya itu.",sumpah tidak banget sampe nanya nsitif tidak ramah banget ribet gajelas aplikasi bagus banget kalo bintang karna csnya flag tolong baik sombong,negatif
5,aku suka banget ruangguru soalnya untuk anak GK mampu kayak aku cocok banget dan nggak usah les mahal tapi sistem rangkuman sub bab nya bisa gratis nggak hehe bisa dong kak belvadevara semoga dijawab. segitu aja sih pendapat ku mengenai apk ruangguru,suka banget anak tidak kayak banget tidak mahal sistem rangkum gratis tidak belvadevara moga gitu saja dapat aplikasi,positif
5,"betah banget belajar di ruang guru, cocok buat kalian yang mau belajar dari dasar tapi dengan rentang waktu singkat, aku yang awalnya ga paham apa-apa, jadi bener-bener paham, terimakasih ruang guru, sukses terussss, InsyaAllah bermanfaat untuk aku dan orang banyak ğŸ«¶ğŸ»ğŸ«¶ğŸ»",betah banget ajar ajar dasar rentang singkat tidak paham bener paham terima kasih sukses terus insyaallah manfaat orang,positif
5,"bagus bangeettt app nyaa, mudah dipahami, dan banyak banget ilmu yg bisa kita dapetin di applikasi INII. Sayang banget dari dulu aku ga nyoba applikasi ini, baru sekarang2 di download karna penasaran, akhirnya udh ga penasaran lagi, meskipun baru hari pertama belajar pake app ini, tapi aku jadi tau dari yang tadinya gatau. pokoknya bermanfaat bgt ini aplikasi,ga nyesel aku download ini!! aku jadi semangat belajar,dan ak juga mau ningkatin nilai sama ranking aku, mudah2an ak bisa raih cita2kuğŸ¥°ğŸ’—",bagus bangeet nyaa mudah paham banget ilmu dapet applikasi sayang banget tidak coba applikasi download karna penasaran sudah tidak penasaran ajar pake gatau manfaat banget aplikasiga nyesel download mangat belajardan ningkat nilai ranking mudah raih cita,positif
5,saya sangat senang menggunakan fiturÂ² belajar yang ada di ruangguru apalagi saya dari keluarga yang kurang mampu tapi tetap bisa belajar di ruangguru dng pelajaran dan vidio yang gratis saja saya memiliki citaÂ² yang sangat besar yaaa Dejavu sih pas awal ruangguru ada dimana itu biayanya relatif murah dan sering muncul iklan ruangguru pada saat hari Minggu tapi walaupun berbayar ruangguru sekarang sangat berkembang demi mendukung SDM yang ada di Indonesia THAK YOU RUANGGURU SUKSES TerusğŸ¤,nang fitur ajar luarga ajar vidio gratis milik cita dejavu mana biaya relatif murah muncul iklan minggu bayar mbang dukung indonesia thak sukses terus,positif
5,"suka banget dengan aplikasi ini, di sini kita bisa latihan soal dan tanya jawab soal yang kita ketahui dan tidak ketahui. sebelum kalian daftar brain academy sebaiknya unduh aplikasi ruang guru dulu biar dapat potongan harga bimbel lebih murah. di sini paket soalnya lengkap, dijawab dengan cepat dan tepat, aku pakai aplikasi ini untuk penggunaan pribadi dan keperluan bimbel karena aku bimbel di brain academy",suka banget aplikasi latih tahu daftar academy unduh aplikasi biar potong harga bimbel murah paket lengkap cepat pakai aplikasi guna pribadi perlu bimbel academy,positif
5,"Halo kakak"" semuanya,aku mau bilang.. RUANGGURU ini emang aplikasi the best buat belajar deh,aku suka banget penjelasannya itu mudah bgt di pahami,dan cara mengajar guru-guru nya sangat menarik... ğŸ¤©ğŸ¤©ğŸ¤©",halo muanyaaku bilang emang aplikasi best ajar dehaku suka banget jelas mudah banget pahamidan ajar guru tarik,positif
1,"kenapa kok akhir2 ini aplikasi gak bisa dibuka force close dan stuck di logo, trs waktu drill soal kalau teksnya panjang discroll kebawah sering nge bug, pliss solusi nya gimnaa soalnya aku g bisa belajaarrrrğŸ¥¹ğŸ˜­",aplikasi buka force close stuck logo terus drill teks scroll bawah pliss solusi gimnaa belajaar,negatif
5,"siapa yang baca ini harus Download ya, karena apl ini bisa membantu kita belajar online / les, apl ini juga bisa memilih kelas dan mata pelajaran yang kita sukai,ada videonya juga, setalah nonton kita juga bisa mengerjakan soalnya videonya juga pendek cuma 5 menit doang. ğŸ˜„ğŸ˜ƒ",baca download bantu ajar online pilih mata ajar sukaiada video seta nonton video pendek doang,positif
5,"Terimakasih banyak ruangguruâ™¥ï¸ anak saya kelas 2 sekarang sudah pintar di kelasnya berkat belajar di ruangguru â™¥ï¸ dan tidak ada iklan sama sekali,jadi tidak terganggu dan seperti game tebak tebakan seru kata anak saya sekali lagi terima kasih ğŸ™â™¥ï¸",terima kasih anak pintar berkat ajar iklan kalijadi ganggu game tebak seru anak terima kasih,positif
2,"pas buka aplikasinya suka keluar terus, padahal jaringan, penyimpangan oke terus, udah update juga. Gatau ini kenapa, tapi bikin ganggu banget kalau mau dipake, tolong dong dibantu",buka aplikasi suka jaring simpang baik sudah update gatau ganggu banget pake tolong bantu,netral
1,"make Aplikasi ini buat nyari materi yang disuruh guru, tapi semenjak gw daftar di aplikasi ruang guru make nomor hp, gw sering ditelpon oleh nomor tidak dikenal, sebelumnya gak pernah, gak amanah nyimpen data pengguna.",make aplikasi nyari materi suruh menjak daftar aplikasi make nomor telpon nomor amanah nyimpen data guna,negatif
5,"alhamdulillah, bisa dapat belajar online, semasa di ruang guru saya lumayan paham dengan penjelasan""nya tapi kurang mahir dalam mengerjakan latihan""soal.. tidak papa saya akan terus berusaha, mantapp ruangguru",alhamdulillah ajar online lumayan paham jelas mahir latihansoal usaha mantap,positif
1,"kecewa banget setiap masuk ke apk ruangguru pasti langsung terkeluar padahal jaringan bagus terus aku udah hapus cache nya sama update tapi tetap kayak gitu, ini gimana min aku mau belajar:(",cewa banget masuk aplikasi langsung luar jaring bagus sudah hapus cache update kayak gitu gimana ajar,negatif
5,"Walaupun saya masih kelas 5 tapi saya jadi bisa pelajaran ibu saya deh udah saya pelajari semua pokoknya membuat pinter deh, Thankyouu ruangguru ujian saya jadi 100 matematikanya yang dulu nilainya 24, 37, 57, dan 79 jadi 100 semua!!!!",walaupun ajar sudah ajar pinter thankyouu matematika nilai,positif
1,"aplikasi macam apa ini, masa setiap beberapa hari harus login ulang dan saat nonton video nya kok ngeleg padahal sinyal bagus udah langganan tapi masih kek gituâ˜¹ï¸ğŸ‘",aplikasi ulang nonton video ngeleg sinyal bagus sudah langgan gitu,negatif
5,"baguss banget untuk tambahan buat belajar, persiapan STS maupun sas. jadi main hp juga ada manfaatnya kalo buka ruangguru",bagus banget tambah ajar siap manfaat kalo buka,positif
5,aplikasi yang bagus dan cocok buat anak-anak belajar. Terimakasih sudah membuat aplikasi yang bermanfaat ini dan semoga segala bug yang ada di aplikasi bisa diperbaiki ğŸ™‚,aplikasi bagus anak ajar terima kasih aplikasi manfaat moga aplikasi baik,positif
1,"Kecewa parah sih, koin roboguru saya sisa 12, secara sepihak ditukar dengan 3000 energi ai, nilainya sangat tidak sebanding, minta refund pun tidak bisa, nilainya dalam rupiah itu mahal 12 koin itu, baru sekecewa ini sama ruangguru",cewa parah roboguru sisa tukar energi nilai banding refund nilai rupiah mahal cewa,negatif
5,"Seru bgt belajar di ruangguru,cara belajarnya asik + menyenangkan,dari yang awalnya aku males buat belajar,jadi semangat banget buat belajar karna ruangguru!",seru banget ajar ruanggurucara ajar asik nyenangkandari males belajarjadi mangat banget ajar karna,positif
4,"masih banyak bug sana sini kurang enak kalau masih banyak bug, seperti fitur smart schedule dan widget nya yang malah tidak bekerja dengan baik",enak fitur smart schedule widget,netral
3,Kenapa aplikasi nya tiba tiba terlogout sendiri dan tidak bisa masuk login. Tulisan nya mohon maaf sedang terjadi kesalahan pada sistem.,napa aplikasi terlogout masuk tulis mohon maaf salah sistem,netral
5,app nya bagus banget belajar jadi makin seru dan banyak mata pelajarannya bahkan bisa di sesuaiin kelasnya mantap dah ni app rekomendasi buat para pelajar yang mau nilainya naik,bagus banget ajar seru mata ajar suai mantap rekomendasi ajar nilai,positif
5,"bagus banget, sangat membantu pembelajaran, penjelasannya lengkap dan mudah dipahami tp kadang suka errror adaptoX nya klo di hp :/",bagus banget bantu ajar jelas lengkap mudah paham tapi kadang suka eror adaptox kalau,netral
5,APK yang bagus untuk belajar. menurut aku kalo belajar diruangguru men jadi lebih efektif Dan saya harap mendapatkan diskon untuk berlangganan biar belajar nya lebih banyak lagi,aplikasi bagus ajar kalo ajar ruangguru efektif harap skon langgan biar ajar,positif
5,ruang guru ini sangat seru belajar ada matematika bahasa Indonesia dah lebih seru dah mudah di pahami walaupun aku masih SD tapi aku di suruh belajar jadi aku kasih ranting lima ya!,seru ajar matematika bahasa indonesia seru mudah paham suruh ajar kasih ranting,positif
3,"tolong video penjelasan diupgrade lagi karena sangat2 kurang menjelaskan, ga ada gunanya dan gak membantu kalau masih tetap begitu cara menjelaskannya, gak niat",tolong video jelas upgrade tidak guna bantu jelas niat,negatif
5,"cara ngejelasinnya itu mudah bgt,gak nyanka kalo vidio dan cara penjelasannya sebagus itu pokoknya ini adalah aplikasi terbagus untuk belajaryang saya tau,gk nyesel sma sekali mengunduh aplikasi ini pokoknya kalian harus cba",ngejelasinnya mudah bgtgak nyanka kalo vidio jelas bagus aplikasi bagus belajaryang taugk nyesel unduh aplikasi,positif
1,Ketauan banget sih pake ai soalnya banyak jawaban yang tidak sesuai dengan materi yang diberikan dan soal yang jelas jelas salah kecewa berat sih bayar udah mahal mahal loh,banget pake suai materi salah cewa berat bayar sudah mahal,negatif
5,"aplikasinya sangat membantu untuk memahami materi di sekolah yg saya kurang mengerti, menjadi lebih paham karena vidio penjelasannya sangat mudah dimengerti and enjoyable. thanks a lot ruangguru ğŸ’¯ğŸ™‚â€â†•ï¸",aplikasi bantu paham materi kolah erti paham vidio jelas mudah erti enjoyable thanks,positif
5,"Tempat belajar yang seri menyenangkan,mudah dipahami materinya terus kakaknya jelas dalam menjelaskan soal atau materi",tempat ajar seri nyenangkan mudah paham materi ,positif
5,aplikasinya super duper bagus bngtt materinya lengkap dan mudah dipahami banget aku suka!!,aplikasi super duper bagus bngtt materi lengkap mudah paham banget suka,positif
5,"bagus tapi tolong tambahkan fitur coret coret agar lebih praktis mengerjakan soal hitungan seperti matematika, fisika, kimia",bagus tolong tambah fitur coret praktis hitung matematika fisika kimia,netral
1,"semenjak daftar aplikasi ini , sering di telepon oleh banyak nomor ,, gak bagus aplikasinya , tidak menjaga privasi customer,",menjak daftar aplikasi telepon nomor bagus aplikasi jaga privasi customer,negatif
5,"aplikasi nya membantu banget worth it lah, cocok buat aku yang belajar harus ada visualnya atau gambaran materinya",aplikasi bantu banget worth ajar visual gambar materi,positif
5,aplikasi nya udah bagus walau ngeleg sedikit tapi tolong dong yang SMK ada jurusan teknik GEOMATIKA /GEOSPASIAL ğŸ™,aplikasi sudah bagus ngeleg tolong jurus teknik geomatika geospasial,netral
5,apk nya berguna banget buat aku! jadi lebih paham materi disekolah! baguss banget deh pokoknyaa ruangguru ini. aku saranin kalian belajar lewat ruangguru deh!,aplikasi guna banget paham materi sekolah bagus banget poknyaa saran ajar,positif
1,"saya sudah berlangganan tapi malah hilang padahal udah bayar kurang lebih 700.000 a,komplain ke wa nya respons nya lambat",langgan hilang sudah bayar akompla respons lambat,negatif
5,kita juga bisa nonton juga dan bisa rekomendasi pelajaran dan teka teki yng seru banget nilai ku jadi 100 terus terimakasih ya kalau gk ada ruang guru bisa bisa nilai ku 0 semua,nonton rekomendasi ajar teka teki seru banget nilai terima kasih tidak nilai,positif
5,"saya mendapatkan nilai yang bagus sejak saya belajar di RUANG GURU ,pelajar indonesia wajib punya RUANG GURU karna RUANG GURU membantu anak anak belajar.ğŸ‘ğŸ‘ğŸ‘",nilai bagus ajar indonesia wajib karna bantu anak ajar,positif
5,walau harus berlangganan tapi ilmu nya mudah dimengerti dan bisa bertambah IQ dalam belajar. terimakasih ruangguru,langgan ilmu mudah erti tambah ajar terima kasih,positif
5,"Aplikasinya sangat membantu proses belajar, materi lengkap, penjelasan jelas, dan fitur mudah digunakan. Sangat bermanfaat untuk persiapan ujian.",aplikasi bantu proses ajar materi lengkap jelas fitur mudah sangat manfaat siap,positif
4,sebenarnya emg Ruangguru ini bgsss polll buat belajar tapi untuk aku kurang cocok karena aku sukanya yang freeğŸ˜šğŸ˜µ yhaa walaupun ada yang free juga tapi yaaa gituuu kurang lengkap dan kalo mau liat bab yang lain harus berlangganan duluğŸ˜‡,bagus ajar suka free yhaa free gitu lengkap kalo liat langgan,negatif
5,"sangat membantu siswa, aplikasi yg memudahkan untuk belajar, belajar bisa dimana aja tanpa perlu buka buku",bantu siswa aplikasi mudah ajar mana saja buka buku,positif
4,"fiturnya banyak, dan aku suka sama fitur""nya, cuma kenaoa kadang lemot banget?? padahal bukan masalah jaringannyağŸ˜“",fiturnya suka fiturnya naoa kadang banget jaring,netral
5,"bagus , Alhamdulillah saya bisa belajar TKA dengan gratis matlan dan fisika terimakasih ruangguru, mudah mudahan sukses selalu",bagus alhamdulillah ajar gratis matlan fisika terima kasih mudah sukses,positif
5,"sangat membantu dalam pembelajaran,dan sangat di rekomendasikan,saya menjadi cepat mengerti dalam melakukan belajar di rumah",bantu pembelajarandan rekomendasikansaya cepat erti ajar rumah,positif
5,"keren banget ihhğŸ˜†ğŸ˜†ğŸ˜†ğŸ¤, membantu banget dengan penjelasan yang mudah dipahami dan gambar gambar yang menarik,sukaa!!!",banget bantu banget jelas mudah paham gambar narik suka,positif
5,aplikasi nya bagus untuk belajar cocok yang gak bisa matematika dan stres ujian cobain sekarang juga ğŸ˜ğŸ‘ğŸ»ğŸ¤­,aplikasi bagus ajar matematika stres coba,positif
5,"terima kasih ruangguru berkat aplikasi ini saya bisa lebih paham dan mendapat nilai tertinggi di kelas,sekali lagi terimakasih ya Semoga bisal ebih berkembangğŸ˜ğŸ˜",terima kasih berkat aplikasi paham nilai tinggi lassekali terima kasih moga bisal ebih mbang,positif
5,"aplikasi nya bagus banget..aku suka... aku waktu kelas 2, kelas 3, suka bgt belajar pakai aplikasi ini, sekarang juga... THANKS YOU ruangguruğŸ©µ",aplikasi bagus bangetaku suka suka banget ajar pakai aplikasi thanks,positif
1,aplikasi ini kenapa yahh pas aku mau di buka susah bangett mau masukk tehhh loadingnya lama padahal sinyalnya bagus,aplikasi buka susah banget masukk loadingnya sinyal bagus,positif
5,aplikasi nya sangat bagus karena dapat menjelaskan secara detail dan memberikan kuis agar semakin paham,aplikasi bagus detail kuis paham,positif
5,"mudah dimengerti, kualitas yang bagus,dan Ada banyak pembelajaran yang mudah di Pahami,",mudah erti kualitas bagusdan ajar mudah paham,positif
5,"Jujur suka banget sama aplikasi Rungguru karena videonya menjelaskan materi secara singkat, mudah dimengerti, dan menarik. Disertai pula ilustrasi, jadi lebih masuk ilmunya ke otak. Setiap ada ulangan aku pasti belajarnya di aplikasi Rungguru dan beneran ngebantu nilai jadi bagus, sehingga akhirnya gak pernah ikutan remedial di Kelas. Aku sudah langganan dari kelas 6 SD sampai sekarang kelas 3 SMA, tapi selalu dibuat paham. Sama sekali ga nyesel dan puas. Sayang banget sama RuangguruğŸ’",suka banget aplikasi rungguru video materi singkat mudah erti tarik serta ilustrasi masuk ilmu otak tiap ulang ajar aplikasi rungguru benar ngebantu nilai bagus ikut remedial langgan paham sama tidak nyesel puas sayang banget,positif
5,"bagus bgt, tapi pengen nya ruang guru akses nya gratis terus jangan premium/berbayar",bagus banget akses gratis premiumberbayar,netral
2,"bagus pembelajaran nya, untuk aplikasinya jelek. akun bisa ter-log out sendiri tanpa alasan jelas.",bagus ajar aplikasi jelek akun alasan,negatif
5,"keren banget, belajar jadi lebih mudah, terimakasih ruang guruuuâ¤ï¸",banget ajar mudah terima kasih,positif
5,pembelajaran yang sangat mabantu dan menyenangkan respon agak lama tapi seru bisa belajar sambil bermain,ajar mabantu nang respon seru ajar,positif
5,sangat edukatif dan mudah dipahami video pembelajarannya,edukatif mudah paham video ajar,positif
5,aplikasi nya ok bisa buat anak jadi tambah pintar dan mudah di cerna tentang pelajarÂ² nya,aplikasi anak pintar mudah cerna ajar,positif
5,"aku udah belajar ruangguru offline udah 5 bulan, sejauh ini bikin aku makin paham materi dan bahkan kalau ada materi yg blm dipelajari aku bisa ngebut duluan dan paham duluan klo disekolah seneng bgt makasih ruangguru sehat selalu yac",sudah ajar offline sudah paham materi ajar ngebut duluan paham duluan kalau seko neng banget terima kasih sehat,positif
5,"baru seminggu pakai Ruangguru tapi udah kerasa banget bedanya! materi pelajarannya disusun rapi dan gampang dimengerti, terus video belajarnya juga seru banget jadi belajar nggak bikin ngantuk. aku suka fitur latihannya karena bisa langsung latihan setelah belajar. semoga makin semangat belajarnya bareng Ruangguru! ğŸ˜ğŸ“šâœ¨",minggu pakai sudah rasa banget beda materi ajar rapi gampang erti video ajar seru banget ajar tidak ngantuk suka fitur latih langsung latih ajar moga mangat ajar bareng,positif
5,"Aplikasi belajar terbaik sejauh ini! Materinya lengkap, penjelasannya mudah dipahami, dan ada banyak fitur interaktif yang bikin belajar jadi nggak ngebosenin. Gurunya juga keren-keren, bikin suasana belajar lebih semangat. Cocok banget buat persiapan ujian maupun belajar sehari-hari. Pokoknya recommended banget buat semua pelajar!""",aplikasi ajar baik materi lengkap jelas mudah paham fitur interaktif ajar tidak mbosankan guru suasana ajar mangat banget siap ajar hari recommended banget ajar,positif
5,saya sangat bersyukur karena ruang guru menyediakan berbagai macam video belajar dan soal ğŸ¥º,syukur sedia video ajar,positif
5,"Suka banget dengan materi yang diberikan, tidak hanya menyenangkan tapi juga bikin tambah semangat untuk belajar. Dengan video pembelajaran dan kuis yang diberikan menjadikan belajar jadi lebih efisien serta mudah untuk dipahami. Bisa pantau progres dengan mengerjakan soal-soal yang ada juga melatih kemampuan menjadi lebih baik. Terima kasih Ruang Guru serta Master Teacher yang selalu membimbing aku dalam belajar sehari-hari ğŸ¥°ğŸ¥°ğŸ¥°",suka banget materi nang mangat ajar dengan video ajar kuis jadi ajar efisien mudah paham bisa pantau progres soal latih mampu terima kasih master teacher bimbing ajar hari,positif
5,buat pembelajaran bagus banget udh ada contoh soal ada pembahasan secara online lagi,ajar bagus banget sudah contoh bahas online,positif
1,"tolonggggg jangan update terus, hampir 5 kali lebih update di aplikasi selama kurang lebih 24 jam, saya mau kuis, to, dll jadi ribet nunggu nya",tolong update kali update aplikasi kuis ribet nunggu,negatif
5,"sangat bermanfaat karena banyak video pembelajarannya itu penjelasannya bisa dimengerti dengan baik dan ada latian soalnya setiap satu video pembelajaran dan di akhir ada latihan akhir bab sehingga kita bisa benar' memahami materinya, dan sudah banyak juga yang menggunakan ruang guru untuk masuk ptn impian semoga saya juga bisa berhasil lolos snbp tahun depan",manfaat video ajar jelas erti latian video ajar latih paham materi masuk impi moga hasil snbp,positif
5,"i liked,,,seru banget belajar di Ruangguru. Karena, cara penjelasan materinya sangat menyenangkan dan tidak mudah membuat bosan ketika kita menontonnya karena banyak animasi-animasi yang lucu. Selain itu, penjelasan yang diberikan mudah untuk dipahami. Good job RuangguruğŸ‘ğŸ‘ sudah membuktikan bahwa belajar itu menyenangkan dan tidak membosankan.",likedseru banget ajar karena jelas materi nang mudah bosan animasi lucu sela jelas mudah paham good bukti ajar nang bosan,positif
4,fitur-fitur nya bagus. cara ngajarnya yaa lumayanlah yaa,fitur bagus ngajarnya lumayan,netral
5,"jujur aplikasinya lumayan membantu aku buat memahami materi pembelajaran, dengan vidio vidio yang menarik, materi lengkap, banyak latihan soal, ga bikin bosen, dan dengan bahasa yang mudah dipahami. tapi sedikit masukkan dari aku, coba deh ruangguru jangan sering minta di update aplikasinya. segitu aja sih saran dari aku, semangat semua buat belajarnya!!âœ¨ğŸŒ»",aplikasi lumayan bantu paham materi ajar vidio tarik materi lengkap latih tidak bosen bahasa mudah paham masuk coba update aplikasi gitu saja saran mangat ajar,positif
5,aplikasinya sangat menyenangkan bisa langsung chat di WA sama kk pembinanya trus nanya nanya dulu berapa harga nya ternyata ada yang gratis trus kalau mau bayar itu langsung pertahun murah bangat lgi pokok nya aplikasi nya sangat menyenangkan gak banyak ikllan trus ada hewan yg menjadi teman belajar kita pokok nya aku kasih bintang 5 karna seru bangetğŸ¤©ğŸ¤©ğŸ˜,aplikasi nang langsung chat bina trus nanya harga gratis trus bayar langsung tahun murah bangat aplikasi nang iklan trus hewan teman ajar kasih bintang karna seru banget,positif
5,"Fiturnya keren poll, ada fitur adapto x, cocok buat yang pengen belajar cepet karena mepet ulangan, ada temen belajar yang lucu, video penjelasannya mudah dipahami, ada kuis, ada drill soal yang kita bisa request sendiri mau seberapa banyak soal dan waktu pengerjaannya, dan ada juga tryout free sama premium, juga baru di sini aku nemu konsultan belajar yang humble parah, no jaim jaim club, serasa chatan sama kakak sendiri. Jangan ragu jangan bimbang, ayo join ruangguru sekarang! ğŸ«¶ğŸ»âœ¨ï¸",fiturnya poll fitur adapto ajar cepet ulang temen ajar lucu video jelas mudah paham kuis drill request tryout free premium nemu konsultan ajar humble parah jaim club rasa chatan jangan ragu bimbang,positif
5,"super super cocok untuk pembelajaran mandiri, apalgi ketika kita tidak paham terhadap materi yang di jelaskan oleh guru di sekolah. pembelajaran di ruangguru sangat membimbing untuk lebih paham, visualisasi penggambarannya sangat gampang masuk di akal. pokoknya top deh nih aplikasi ğŸ¥³ğŸ¥³ğŸ¥³",super ajar mandiri apalgi paham materi kolah ajar bimbing paham visualisasi gambar gampang masuk akal aplikasi,positif
5,"Ruangguru the best dahhh... video ruang belajarnya mudah dimengerti dan dipahami. Cinta bangett sama aplikasi ini. Harganya juga worth it banget. Intinya rajin-rajin aja muterin videonya, anggap marathon dahhh. Tapi sedikit saran dari aku, terkadang beberapa materinya masih kurang lengkap, semoga kedepannya bisa lebih dilengkapin lagi ya materinya. Makasih bnyk yaa ruangguru udh bantu aku, doain aku lulus ptn impian akuuâ¤ï¸â¤ï¸â¤ï¸â¤ï¸",best video ajar mudah erti paham cinta banget aplikasi harga worth banget inti saja muter video anggap marathon tapi saran terkadang materi lengkap moga depan lengkap materi terima kasih bnyk sudah bantu impi akuu,positif
5,aplikasinya sangat bagus buat belajar + banyak kuis menarik,aplikasi bagus ajar kuis tarik,positif
5,"menbantu saya,karna bisa mengajarkan pelajaran dengan keseruan saran saya untuk kelas bawah kelas 1-6 tambahkan pelajaran lagi",bantu sayakarna ajar seru saran tambah ajar,positif
5,"bagus,saya jadi lebih paham mudah dan memahami pelajaran matematika dan pembelajaran lainnya terima kasih ruang guru",bagus saya paham mudah paham ajar matematika ajar terima kasih,positif
5,"sangat bermanfaat, aku harap tidak ada lag atau bug freeze lagi",manfaat harap freeze,positif
5,aplikasi bagus banget buat belajar dari hp buat saya sih menurut ku bagus banget tidak ada iklan nya,aplikasi bagus banget ajar bagus banget iklan,positif
5,bagus banget vidionya menggunakan kata kata sopan pelanyananya bagus dan sabar melayani orang orang yang suka bertanya seperti saya juga belajar di sini seruuu menurut ku layak bintang ğŸŒŸğŸŒŸğŸŒŸğŸŒŸğŸŒŸ limaa terimakasih,bagus banget vidionya sopan pelanyanya bagus sabar layan orang suka ajar seru layak bintang limaa terima kasih,positif
5,bagus cuma banyak yang berbayar tapi memang gak ada yang gratis di dunia ini meskipun itu untuk belajar so it's okay ğŸ‘ğŸ»ğŸ˜˜,bagus bayar gratis dunia ajar okay,positif
5,"ngebantu banget buat belajar, sama lebih mudah untuk dipahami daripada platform yang lain.",ngebantu banget ajar mudah paham platform,positif
5,"materi nya lengkap dan sangat mudah di pahami, harga untuk bimbel nya juga lumayan murah",materi lengkap mudah paham harga bimbel lumayan murah,positif
1,"anak saya nangis krn si Harry the tigernya sampe sekarang ga ke update. udah lapor tp ribet bgt suruh record stepnya. pdhl yg bikin semangat dia belajar krn Harry. mau nyelesain misi jg ga bisa, padahal udh difoto atau isi manual aktivitas 3 nya. ini mau sign out jg kaga bisa dibilangnya tdk ada akses internet. ya klo g ada, g bakalan sya bs kasih rating ke sini",anak nang karena harry tigernya sampe tidak update sudah lapor tapi ribet banget suruh record step pdhl mangat ajar karena harry nyelesa misi juga tidak sudah foto manual aktivitas sign juga kaga bilang tidak akses internet kalau kasih rating,negatif
5,"Aplikasi nya keren, karna ada beberapa vidio yang free atau ga berbayar ğŸ—¿ğŸ‘",aplikasi karna vidio free tidak bayar,positif
5,bagus tapi saran tambahin dong pelajaran untuk jurusan Rpl ( rekayasa perangkat lunak),bagus saran tambah ajar jurus rekayasa perangkat lunak,positif
5,"lumayan lah bisa ningkatin nilai Ama Rankingku yang awalnya rangking 10 besar sekarang 7 besar di sekolah , walau kadang kalo mau masuk harus kudu update dulu tapi gapapa lah makasih kak BAğŸ˜†",lumayan ningkat nilai rankingku rangking kolah kadang kalo masuk kudu update gapa terima kasih,positif
5,"aplikasinya bagus bangetttt,hanya saja iklan yang banyak",aplikasi bagus bangethanya iklan,positif
5,sangat membantu dalam proses belajar dan dilatih sebagus mungkin,bantu proses ajar latih bagus,positif
5,"suka bgt sama aplikasi inii,dia tuh ngebantu buat lebih memahami materi lebih dalam lagiğŸ©·",suka banget aplikasi ngebantu paham materi,positif
5,"bagus banget bisa nih bikin pintar,tapi awal2 aku belum ngerti tapi setelah di pahamin lebih lanjut akhirnya ngerti juga thenk you",bagus banget pintartapi ngerti paham ngerti thenk,positif
5,"bagus, keren, ter motivasi, penjelasan nya mudah dipahami",bagus motivasi jelas mudah paham,positif
2,bagus bagus aja cuma dia kehubung ke wa agak kurang sukaa gituuuu tapi aplikasi nya bagus bagus aja sihh,bagus saja hubung suka gitu aplikasi bagus saja sihh,netral
5,"aplikasi ini bagus bgttt!!! kualitas oke, penjelasan lengkap, ada bimbel nya jugaaa!!! sukakkk",aplikasi bagus banget kualitas baik jelas lengkap bimbel juga sukak,positif
5,"aplikasi ini sangat bagus,berkat aplikasi ini aku jadi paham tentang mata pelajaran yang aku kurang mengerti dari video-video yang menjelaskan nya dari aplikasiğŸ¤©",aplikasi bagus berkat aplikasi paham mata ajar erti video aplikasi,positif
5,sangat bagus buat pelajar dan pelajaran nya mudah di pahami,bagus ajar mudah paham,positif
5,sangat membatuku buat belajar dan memahami materi yang belum paham,batu ajar paham materi paham,positif
5,"apk ini sangat membantu anak saya, dulu anak saya tinggal kls terus, semenjak kenal ruang guru anak saya langsung pintar",aplikasi bantu anak tinggal menjak anak langsung pintar,positif
5,"gara gara aplikasi ruang guru saya mendapatkan nilai tinggi di sekolah , memang ruang guru sangat bagus",gara aplikasi nilai kolah bagus,positif
5,"sngat membatu sekali, untk bljar dan lengkap ad smua plajaran ny",sngat batu untk bljar lengkap smua plajaran,positif
5,"baru pake sih tapi kayak untuk kedepannya ruang guru bisa sangat membantu, saya merasakan perbedaan antara memakai ruang guru dan mencari guru les privat, ruang guru masi memiliki lebih banyak kelebihan terlebih soal dan materi pelajaran yang tertata rapi.",pake kayak depan bantu rasa beda pakai cari privat milik lebih materi ajar rapi,positif
5,"aku suka bangett,soalnya dari yang dulu nilai matematika aku rendah banget,alhamdulillah sekarang dapatnya selalu 95 dan 100,terus cara belajarnya juga seruu bangett. makasi yaa ruangguru berkat aplikasi ini nilaiku jadi tinggi semuaağŸ’—",suka banget soalnya nilai matematika rendah banget alhamdulillah dapat ajar seru banget terima kasih berkat aplikasi nilai ,positif
5,"halo ruang guru, saya rating bintang lima karena aplikasi ini sangat membantu saya dalam memahami pelajaran yang belum saya pahami saat belajar di sekolah, gk hanya itu saja berbagai fitur yang di sediakan ada banyak banget sehingga saya bisa dengan mudah dan mengetahui tingkat pemahaman saya berada di mana sehingga membuat saya senang dengan progres yang saya capai. gk hanya itu saja gurunya juga sangat asik yang membuat saya semakin semangat dalam belajar, kurang nya gk ada mapel informatikağŸ˜…",halo rating bintang aplikasi bantu paham ajar paham ajar kolah tidak fitur sedia banget mudah tingkat paham nang progres capai tidak guru asik mangat ajar tidak mapel informatika,positif
1,"overall, aplikasi nya sangat sangat membantu saya tapi yang menjadi bintang seketika turun menjadi satu KARENA CARA PROMOSINYA. Saya sangat terganggu dengan kontak dari pihak ruangguru yang memenuhi WhatsApp saya hanya untuk promosi!!, ga cuman saya yang kena orang tua saya juga kena!, tolong mikir dong ini ngeganggu banget",overall aplikasi bantu bintang turun karena cara promosi saya ganggu kontak penuh whatsapp promosi tidak cuman kena orang kena tolong mikir ngeganggu banget,negatif
5,Mantab! aplikasi nya bikin aku makin semangat dan rajin untuk belajar! Videonya juga pendek jadi gak gampang ngantuk deh! Tapi jangan salah walaupun pendek aku bisa langsung paham! Saran untuk kuis nya ditambah lagi biar tidak terlalu sedikitğŸ˜,mantab aplikasi mangat ajar video pendek gampang ngantuk tapi salah pendek langsung paham saran kuis tambah biar,positif
5,"rekomen banget buat para pelajar , buat ngerjain tugas juga bisa , mau ngerangkum ada rangkuman nya ,bagus deh pokok nya...semoga selama aku pake ruangguru aku bisa jadi lebih paham materi nya dan bisa rank 1 lagi kelas maupun pararel",rekomen banget ajar ngerja tugas ngerangkum rangkum bagus semoga pake paham materi rank parel,positif
5,"keren bgt masyaallah, belajar di Ruangguru bestt sih, tapi kalo bisa harusnya bisa langganan belajar perbulan soalnyaa biar mempermudah anak yg ingin bimbel tapi pake tabungan sendiri.. tapi di ruangguru memang banyak promo dan harga nya terjangkauuu sekali tapi kualitas nya ga main mainn",banget masyaallah ajar best kalo langgan ajar bulan soalnyaa biar mudah anak bimbel pake tabung promo harga jangkau kualitas tidak main,positif
4,aku kasih bintang 4 pembelajaran bagus video menarik dan dapat di pahami dengan mudah akan tetapi jika mengakses soal masih ada bug system seperti tidak di bisa di buka tapi jika menonton video lancar bagus sekali,kasih bintang ajar bagus video tarik paham mudah akses system buka video lancar bagus,netral
5,"aplikasi Ruangguru ini sangat membantu aku belajar, aku suka banget sama fitur video pembelajarannya, penjelasannya mudah dipahami dan bikin aku cepat mengerti materi. Secara keseluruhan, aplikasi ini mempermudah proses belajarku dan membuatnya jadi lebih menyenangkan. 3Q Ruangguru",aplikasi bantu ajar suka banget fitur video ajar jelas mudah paham cepat erti materi cara aplikasi mudah proses ajar buat nang,positif
3,"buat matpel sekolah di ruang belajarnya bagus, lengkap juga, tapi buat utbk nya aku rasa kurang. kemudian buat yang BAO buatku kurang worth it harganya lumayan mahal tapi latihan soal nya kurang ga kaya bimbel lain, penjelasan materinya agak lama, ada materi yang ga bisa dibuka, buat persiapan utbknya ga begitu lengkap banget, jadi buat kaum mendang mending better pilih bimbel yang lebih fokusin utbk sih kalo mau fokusnya utbk. nanti aku balik lagi dan perbaiki rating kalo beneran ngebantu",matpel kolah ajar bagus lengkap utbk buat worth harga lumayan mahal latih tidak kaya bimbel jelas materi tidak buka siap utbknya tidak lengkap banget kaum dang nding better pilih bimbel fokus utbk kalo fokus utbk baik rating kalo benar ngebantu,netral
5,bersyukur banget ada platform pelatihan bagi guru secara online seperti ini. sehingga kemampuan guru terus berkembang. aplikasinya sudah sangat mumpuni dan interaktif membuat guru yang gaptek sekalipun bisa memakainya jika ada hp dan koneksi internet. tumb up buat Ruang guruğŸ‘. p.s terimakasih atas free 6 days trial nya. this really means a lot for meğŸ¥°ğŸ¥°,syukur banget platform latih online mampu mbang aplikasi mumpuni interaktif gaptek maka koneksi internet tumb terima kasih free days trial this really,positif
3,"banyak bug, banyak terjadi kesalahan pengetikan soal dan jawaban, kadang soal dan jawabannya gak nyambung, pembahasannya pun kadang nyeleneh, tolong perbaiki ini! udah bayar mahalÂ² malah dikasih pelayanan yang gak memuaskan",salah keti kadang jawab nyambung bahas kadang nyeleneh tolong baik sudah bayar mahal kasih layan muas,negatif
3,awalnya aku main apk ini seneng banget karna banyak yang gratis tapi besoknya selesai donwload aku pengen buka zona belajar dafa dan lulu tapi ga bisa di klik ku klik berkali kali terus 2-4 hari setelah itu aku pengen belajar pakai ruang belajar aku buka pelajaran matematika sebelumnnya semua video itu gratis nah tiba tiba video yang udah ku tonton kemarin ga bisa diliat lagi dan hanya bisa liat preview dan untuk lanjutannya bayar aku coba yang lain juga di suruh bayar. Agak kecewa sih,aplikasi neng banget karna gratis besok lesa donwload buka zona ajar dafa tidak klik kali ajar pakai ajar buka ajar matematika belumnnya video gratis video sudah tidak liat preview lanjut bayar coba suruh bayar agak cewa,netral
5,ruangguru emang paling thebest deh aku belajar jadi ga susahh dan udah mempelajari materi sebelum dijelaskan dari yang pemales sekarang ngerjain bisa sambil tiduran atau santai ğŸ˜‹ğŸ˜‹ banyak latihan soal. cuma kurangnya kadang soall/ materi ga masukk di sekolah jadi beda banget. ğŸ˜ƒğŸ©·,emang thebest ajar tidak susahh sudah ajar materi pales ngerja tidur santai latih kurang kadang soall materi tidak masukk kolah beda banget,positif
1,"halo aku dlu waktu smp pake ruangguru krn emng bagus waktu aku pake tapi pas sekarang aku pake buat adek aku ko jadinya kaya nge bug gitu ya entah video pembelajaran yang tiba-tiba berhenti, layar yang tiba-tiba jadi putih, dan tiba-tiba aja keluar sendiri dari aplikasi nya padahal niatnya mo berlangganan tapi pas tau jadinya kaya gini kayanya ga jadi deh kecewa bgt huhuhu",halo pake karena emng bagus pake adek kaya gitu video ajar tiba henti layar tiba putih tiba saja aplikasi niat langgan kaya kaya tidak cewa banget huhu,negatif
1,"menurut saya ya, untuk penangan customer servicenya engga banget, krn kayanya pada ga kompeten menjawab yg hanya minta untuk dijelaskan paketnya, udah ganti hari, dan saya masih di gantung, kalo pun dijawab, mrk hanya FOKUS JUALAN, KRN SAYA HANYA TERUS DIMINTA KLAIM VOUCHER 1X24 HUB WA - LINK.. ğŸ˜’ğŸ˜’.. dan pertanyaan saya ttg isi paket nya tetep ga kejawab direspon sama developer, nomer yg saya hub mmg yg diberikan sama dgn yg saya kontak, sptnya ada masalah org yg jawab mungkin..",nang customer rvicenya engga banget karena kaya tidak kompeten paket sudah ganti gantung kalo fokus jual karena saya hanya terus minta klaim voucher link paket tidak jawab respon developer nomer kontak sptnya,negatif
4,ruangguru menampilkan indonesia emas bukan cemas karena menampilkan pelajaran yang cukup baik dan berfasilitas bagus melalui online tetapi ada minus sedikit karena katanya susah dimengerti sekian t'rima kasih.,tampil indonesia emas cemas tampil ajar fasilitas bagus online minus susah erti kian trima kasih,netral
2,"bagus banget cuma kesel sama pas kerjain kuis akhir jawaban bener semua, cuma malah 3 nomor (10,11,12) disalahin karena jawaban pake huruf besar di bagian awal. Kan sayang banget ihğŸ˜¡ğŸ˜¡",bagus banget kuis bener nomor salah pake huruf sayang banget,netral
5,"Dengan download aplikasi ruangguru aku bisa belajar melalui vidio yang tersedia secara gratis, Dan dengan aku mendownload aplikasi ruangguru aku sekarang berhasil menjadi peserta kompetisi sains ruangguru jika ada kendala tim ruangguru yang kalian wea akan menjawab dengan ramah dan senang hati Terima Kasih Ruangguru â™¡â™¡â™¡â™¡",dengan download aplikasi ajar vidio sedia gratis ndownload aplikasi hasil serta kompetisi sains ndala ramah nang hati terima kasih,positif
3,"apk ruang guru atau pembuat aplikasi ini, sebenarnya saya kasih 5 bintang tapi ini saya ada ulusan tentang aplikasi ini, aplikasi ini tidak layak di HP redmi dikarenakan mb aplikasi ini terlalu besar sehingga saat login aplikasi ruang guru nge lag banget bukan masalah jaringan nya jaringan bagus ini aplikasi nya yg sangat nge lag banget saat saya tekan b indo malah eror, tolong di perbaiki ya mb nya jangan terlalu besar ya oke untuk segitu aja dari saya oke terimakasih",aplikasi buat aplikasi kasih bintang ulusan aplikasi layak redmi aplikasi aplikasi banget jaring bagus aplikasi banget tekan indo eror tolong baik gitu saja baik terima kasih,netral
4,Jujur saya sangat senang belajar disini ilmunya sangat bermanfaat dengan fitur pembantu belajar lainnya. namun tolong kepada admin Ruangguru untuk memperhatikan lagi pengguna yang sudah berlangganan saya terus menerus di chat berulang kali untuk belangganan walaupun saya sudah. dan yang tidak enak nya lagi bahkan ada yang sampai melakukan panggilan hanya untuk menanyakan hal itu dan mohon maaf itu jujur cukup menggangu saya,nang ajar ilmu manfaat fitur bantu ajar tolong perhati guna langgan terus chat ulang kali banggan enak panggil mohon maaf nggangu,netral
3,"bagus sih , cuman ada beberapa Fitur yg suka hilang ( munculnya kadang') trus iklan promosinya. juga mengganggu",bagus cuman fitur suka hilang muncul kadang trus iklan promosi ganggu,netral
2,bagus sih tapi... harus langganan dulu sebelum di buka videonya,bagus langgan buka video,netral
1,gabisa login udah milih kelas tp malah keluar dri apk pdhal sinyal bgs udh brpa kali download gituÂ² trs,gabisa sudah milih tapi aplikasi pdhal sinyal bagus sudah brpa kali download gitu terus,negatif
2,"kenapa lemot bgt ya, padahal wifi aman, meori juga aman, trs adminnya di wa juga ga bales padahal butuh bgt, tolong ya di perbaiki lagi...",banget wifi aman aman terus adminnya tidak bales butuh banget tolong baik,negatif
2,"Untuk kelas offline nya udah bagus saya ikut, tapi kenapa ya aplikasi sering nge bug dan sebagainya, bisa di fiks",untuk offline sudah bagus aplikasi fiks,netral
1,"app apaan ini, ngelag nauzubillah padahal sinyal lancar, foto soal buat tanya ke roboguru pasti sulit bgt keluar masuk keluar masuk, perbaiki dong jgn pura pura gatau lu",ngelag nauzubillah sinyal lancar foto roboguru sulit banget masuk baik pura gatau,negatif
1,sudah 2 minggu melaporkan kendala tidak bisa masuk video belajar & kuisnya padahal status paket aktif selama 3 tahun ke depan tak kunjung ada perbaikan jadi menghalangi belajar anak,minggu lapor ndala masuk video ajar kuis status paket aktif kunjung baik halang ajar anak,negatif
1,padahal nomer telpon ku udah lengkap tapi malah nomer telpon tidak falid mohon maaf di benar kan karena saya ingin belajar juga saya selalu lihat coc dan aku juga ingin belajar tapi malah kaya gini jadi bikin kecewa,nomer telpon sudah lengkap nomer telpon falid mohon maaf ajar lihat ajar kaya cewa,negatif
5,"bagus...cuma laporan belajar gk visa di buka. hanya layar putih yg muncul, jaringan hp normal, fitur lain ke buka",bagus cuma lapor ajar tidak visa buka layar putih muncul jaring normal fitur buka,netral
5,"udah mantap. tapi aku ketemu bug di ruang guru web PC. setiap mau lanjut ke kuis, selalu muncul peringatan untuk ""mau skip video?"" padahal udah habis videonya dan nggak kedeteksi video itu sudah selesai dilihat pas lanjutin ke soalnya.",sudah mantap temu kuis muncul ingat skip video sudah habis video tidak deteksi video lesa lanjut,netral
1,stop nelponin aks yaaaa!! aku cuma nanya harga dan download ruangguru jadinya di chatiin terus di telp juga,stop nelpon nanya harga download chati telp,negatif
1,"gimana si pihak ruang guru, aku tuh dh daftar to trus 2 HARI setelah dftar tiba tiba to nya malah hilang pilihan buat to ke 2 nya malah enggak ada padahal masih ada 5 hari lagi sebelum to nya tutup gimana sih ruang guru GAK JELAS!!!!!?",gimana daftar trus hari dftar hilang pilih gimana jelas,negatif
5,"sori ya min wktu itu ngasi b1 krna emosi aj wktu itu gbsa daftar, apknya bagus kok, tpi sering ngelag aja dikit ğŸ˜™ğŸ¤ğŸ»",sori wktu ngasi krna emosi wktu gbsa daftar apknya bagus ngelag saja,negatif
3,"Tolong tim ruangguru, kroscek lagi mana yg belum perpanjang paket dan mana yg sudah perpanjangan.. Saya agak terganggu karena seringnya masuk chat dari marketing ruangguru menawarkan perpanjang paket padahal kami sudah melakukannya. Bukan hanya ke nomer saya, tapi juga nomer anak saya. Apalagi di waktu istirahat malam, mengapa sering sekali chat di malam hari, itu cukup mengganggu customer karena sdg istirahat dipikir chat penting ternyata spam.",tolong kroscek panjang paket panjang saya ganggu masuk chat marketing tawar panjang paket laku bukan nomer anak apalagi istirahat malam chat malam ganggu customer istirahat pikir chat spam,negatif
1,"Padahal pemasukannya udah banyak, tapi tetep aja dikit2 bayar :') Ngelaknya pake bandingin dg bimbel offline? Ya beda atuh, jauh banget! Offline bagus mah bimbingannya bener2, dikasih modul + buku bagus2, dikasih fasilitas tempat untuk berinteraksi tatap muka, blom kalo ada trip-nya. Lah ini hanya animasi yg kayak copas dari textbook, ga terlalu ke konsep jadi banyak yg gak relevan, bikin salfok dan jujur rada boring, kaku banget. Bimbingan plus dari coach-nya juga gak optimal bgt :(",padahal pasu sudah saja bayar ngelaknya pake banding bimbel offline beda atuh banget offline bagus bimbing bener kasih modul buku bagus kasih fasilitas interaksi muka blom kalo trip animasi kayak copas textbook tidak konsep relevan salfok rada boring kaku banget bimbing plus coachnya optimal banget,negatif
1,"asem, ditelepon mulu ama orangÂ² Ruangguru, ini privasi pengguna ama kenyamanannya kagak bisa dijamin apa gimana? moga ada yang gugat dah ganggu bener dari kemaren",asem telepon mulu orang privasi guna nyaman kagak gimana moga gugat ganggu bener maren,negatif
5,"Apk nya baguss bangettt,, tapi aku ada sedikit kritik untuk tampilan layar nya kalau di web kan untuk yg utbk, artikelÂ², dan beberapa fitur itu ada kayak tempatnya gitu ya,,, aku kurang nyaman sama tampilan home(versi mobile/ handphone ) nya aja,, kayak serasa sesek dan penuh aja gitu jadinya,,, mungkin kalau sedikit diubah dengan jarak dan beberapa di pindahkan akan lebih nyaman aja digunakan. Tapi aku suka kok apknya,,, bermanfaat bangett",aplikasi bagus banget kritik tampil layar utbk artikel fitur kayak tempat gitu nyaman tampil homeversi mobile handphone saja kayak rasa penuh saja gitu ubah jarak pindah nyaman saja tapi suka apknya manfaat banget,netral
4,"Kerenn!! Sangat membantu saya dalam belajar. Namun mohon untuk menyamakan kuis akhir setiap bab di ruangguru mobile dengan ruangguru desktop. Karna di versi desktop rataÂ² hanya ada 5 soal, sedangkan di versi mobile ada sekitar 15 soal. Tapi tetaplah debest ruangguru. MAJU TERUSS!!",renn sangat bantu ajar namun mohon sama kuis mobile desktop karna versi desktop versi mobile tapi tetap debest maju teruss,netral
4,"heyyy... ruangguru gw barusan gak bisa masuk ini di aplikasi nya? kenapa ya, tolong bantuin dong supaya jadi lagi... padahal gw lagi belajar nihhğŸ˜³",barusan masuk aplikasi tolong bantu ajar,negatif
4,kenapa sekarang malah setiap buka aps ruangguru malah 'aplikasi tidak menanggapi',buka aplikasi tanggap,negatif
2,maksudnya aku udah langganan tapi kok hmm maaf ya jelek banget maksudku bimbelnya gak jelek tapi huh ituloh ada masalah di roboguru masa aku gak bisa pakai ngeleg ngeleq padahal aku udah hapus download ulang tapi gak bisa akuu udah lapor kendala tapi smaa aja,maksud sudah langgan maaf jelek banget maksud bimbelnya jelek ituloh roboguru pakai ngeleg ngeleq sudah hapus download ulang akuu sudah lapor ndala smaa saja,negatif
3,"bagus sii, tapi kenapa seribg banget video nya gak busa diputar "" token video kadaluarsa "" saya udh unistal terus instal lagi. Tapi tetep gak bisa di putar video nya, padahal lagi butuh banget karena besok ujian ğŸ˜ . Terus juga sering xp nya tuh gak bertambah padahal udh nonton video sampe habis ğŸ˜´",bagus ribg banget video busa putar token video kadaluarsa sudah unistal instal tapi putar video butuh banget besok terus tambah sudah nonton video sampe habis,netral
3,"So far dari materi sama penjelasan udah lengkap banget. Tapi ada satu hal yang bikin gemes, pas mau nonton video materi mesti ga bisa, ngeload terus akhir akhir ini. Udah diupdate tp ttp aja ga bisa. Padahal koneksi lancar bgt buat sosmed dll bisa, tapi cuman di rg yang lemot bgt. Plis tolong, udah langganan buat 2 tahun kedepan, jadi sia sia mbayarnya huhu dan ganggu banget pas mau belajar jadi ngurungin niat keburu males duluan :(",materi jelas sudah lengkap banget tapi gemes nonton video materi tidak ngeload sudah update tapi saja tidak padahal koneksi lancar banget sosmed cuman banget plis tolong sudah langgan depan mbayarnya ganggu banget ajar ngurung niat buru males duluan,netral
2,"Pemateri memang menarik. Namun, VIDEO DALAM 1 SUBBAB TERLALU BANYAK, sehingga materi terlalu dalam yg seharusnya tidak dipelajari dan menjadi membosankan. Variasi soal jarang sekali, padahal dlm ulangan sebenarnya banyak sekali variasi soal apalagi pelajaran Fisika yg terkaang ditanya perbandingan atau yang lainnya. Mohon persingkat video, dlm 1 subbab cukup 1 atau 2 video saja, dan soal yg ditanyakan mohon disamakan seperti UN, soal buku paket, atau soal2 lain yg sering dijadikan bahan ulangan",materi tarik namun video dalam subbab terlalu banyak materi ajar bosan variasi jarang dalam ulang variasi ajar fisika terkaang banding mohon singkat video dalam subbab video mohon sama buku paket jadi bahan ulang,netral
4,"Kadang terjadi banyak sekali lag, yang disuruh login ulang lah, yang disuruh verifikasi pas saya menggunakan mode offline padahal udah tak download loh videonya. Aneh betul. Lantas kadang pas drill soal banyak soal yang tidak lengkap itu mau ngomong apa, kaya kepotong, tombol submit juga kadang lag. Perbaiki lagi yah, untuk sisanya udah bagus!",kadang suruh ulang suruh verifikasi mode offline sudah download video aneh lantas kadang drill lengkap ngomong kaya potong tombol submit kadang baik sisa sudah bagus,netral
1,katanya gratis tapi kok harus berlangganan dulu,gratis langgan,negatif
3,"bagus sih apknya, tpi NYEBELIN! Mau msk apk malah keluar akun hrs login ulang, udh gitu ttp aj gak bisa msk ke homepagenya grgr ada loading satelit jeramat ituuuuuuu. Oj ya satu lagi ini apk nya suka moody an kadang lancarkadang lemot apalagi kl pake fitur roboguru sm hewan peliharaan",bagus apknya nyebel aplikasi akun ulang sudah gitu homepagenya loading satelit jeramat aplikasi suka moody kadang lancarkadang kalau pake fitur roboguru sama hewan pelihara,negatif
2,masih banyak bug tolong perbaiki lagi,tolong baik,negatif
2,"aplikasinya bagus tapi kenapa pas buka error terus ya, aku mau ngerjain latihan topik dan mau lihat pembahasannya pasti gak bisa terus error habis itu udah daftar pake google tapi setiap masuk disuruh ngisi daftar diri tapi pas diisi nomor hp sudah terdaftar, >:"")",aplikasi bagus buka error ngerja latih topik lihat bahas error habis sudah daftar pake google masuk suruh ngisi daftar nomor daftar,negatif
3,"Hi ruangguru sebelumnya saya mau laporan, sebenarnya bagus sih sistem pembelajarannya untuk class online, cuman kadang ngelag/error ga bsa d buka, ga bsa ngirim tugas kdg suka delay jdinya ga tepat waktu karna suka error mulu. tolong di perbaiki. Terimakasih mohon maaf sebelumnya",lapor bagus sistem ajar class online cuman kadang ngelagerror tidak buka tidak ngirim tugas suka delay jdinya tidak karna suka error mulu tolong baik terima kasih mohon maaf,negatif
2,"bayar mahal, benefit nya dikit, mending di aplikasi lain",bayar mahal benefit nding aplikasi,negatif
1,"kenapa sih sekarang pas buka cuma ada gambar Ruangguru dan itu lamaaaa banget, padahal udh langganan terus cuma gk bisa masuk, tolong di benarkan Terima kasih atas semua nya",buka gambar lama banget sudah langgan tidak masuk tolong benar terima kasih,negatif
4,"Sebenarnya aplikasinya udah bagus banget . Tapi menurutku, mungkin mata pelajaran di ruang belajar itu masih kurang ( seperti informatika, seni budaya , penjaskes, dan lain lain). Habis itu , ada sedikit materi yang dipelajari di kurikulum merdeka, tapi gak ada . Itu aja sih menurutku yang kurang , tapi aplikasinya masih tetep bagus kok.",benar aplikasi sudah bagus banget tapi turut mata ajar informatika seni budaya penjaskes habis materi ajar kurikulum rdeka saja turut aplikasi bagus,netral
3,Sebaiknya jangan daftar kalau gak mau diteror promosi terus bahkan sampai sudah lulus. Nomor ponsel kita bakal disebar ke tim promosi Ruangguru. Untuk materi dan soal sebenarnya cukup bagus. Sayang memori indahnya terhapus dengan promosi WA yang menyebalkan. Mohon ditingkatkan database promosinya agar bisa promo ke yang memang membutuhkan. Bukan yang sudah lulus.,baik daftar teror promosi nomor ponsel sebar promosi untuk materi bagus sayang mori indah hapus promosi sebal mohon tingkat database promosi promo butuh bukan,negatif
4,"Tolong dong kak , untuk masalah loading yang ada di setiap mata pelajarannya jangan terlalu lama , tolong dong di perbaiki ulang aplikasinya , caranya bagaimana kak kalau ingin menggunakan fitur""ruanggurudigitalbootcamp""??. Dan sering mengerluakan notifikasi bahwa ID LINE anda salah , padahal saya sudah memasukan ID LINE yang benar , tetapi masih sulit untuk bergabung dengan group chatting yang ini . Itu saja saran ,mohon maaf apabila ada kata"" yang kurang jelas Terima kasih",tolong loading mata ajar tolong baik ulang aplikasi fiturruanggurudigitalbootcamp ngerluakan notifikasi line salah pasu line sulit gabung group chatting saran mohon maaf terima kasih,negatif
4,"Sebenernya apknya bagus, cuma koneksinya spertinya harus full. Dan sedangkan dirumah saya koneksinya sedang jadi kalau mau liahat videonya loading terus, mengganggu banget proses belajar. Tolong diperbarui!!!!! kalo bisa sih offline, kan udah langganan juga",benernya apknya bagus koneksi spertinya full rumah koneksi liahat video loading ganggu banget proses ajar tolong baru kalo offline sudah langgan,netral
1,terlampau banyak iklan sampai sampai ngefrezee hp saya apa lagi iklan di sisi layar itu mengganggu pandangan,lampau iklan ngefrezee iklan layar ganggu pandang,negatif
4,"masuk ke akun, video tidak bisa dibuka. padahal sudah langganan. cs dihubungi slow respon",masuk akun video buka langgan hubung slow respon,negatif
1,tadi pas aku download katanya gratis eh ternyata nya bayar gimana sih yang bener dong aneh banget nih aplikasi,download gratis bayar gimana bener aneh banget aplikasi,negatif
1,ini astaga marektingnya bikin nyesel ikut kelasnya tau gak.. 2-3 wa/ hari buat nawarin kelas .. udh dibilang engga masih aja kirjm dan itu berbulan2 ... kalau ada bintang minus udah minus mah bintangnya .. ganggu jujur,astaga marektingnya nyesel nawar sudah bilang engga saja kirjm bulan bintang minus sudah minus bintang ganggu,negatif
1,"Sy prnh menggnkn apk ini th 2016-2018 saat sy masi SMP. materinya dikemas menarik & mudh dipahami. skrg sy sdh kuliah & kebetulan mngajr les privat. Kdg sy mencari materi/contoh soal d internet. Kbetuln sy mencri bank soal ipa & ada di web ruangguru. Sy akses utk dijadikan referensi. Tp bnyak yg terkunci. yasudah pkir sy, saya cari di lain tempat. besokny, sy terus dichat wa ditwarkn brlangganan. ya buat apa sy brlangganan, sy bkn siswa lg. tp sy trs diteror sampai dtlfn. GANGGU BGT SUMPAH.",prnh nggnkn aplikasi materi tarik mudh paham skrg kuliah mngajr privat cari matericontoh internet kbetuln ncri bank akses jadi referensi tapi bnyak kunci yasudah pkir cari besokny chat twarkn brlanggan bukan siswa lagi tapi terus teror dtlfn ganggu banget sumpah,negatif
1,sinyal bagus tapi setiap mau masuk aplikasi malah mentok di loading screen,sinyal bagus masuk aplikasi ntok loading screen,negatif
2,sangat membantu pembelajaran saya tetapi harus dengan bayar dan promosi promosi yg keluar,bantu ajar bayar promosi,netral
1,"gak bisa daftar, karena pilihan kotanya gak bisa dipilih",daftar pilih kota pilih,negatif
4,"Seluruh nya sudah bagus. Tetapi saya kebingungan dengan batasan jumlah perangkat untuk mengakses akun yang sudah berlangganan.. Tolong kalau bisa tambahkan peraturan untuk akun perangkat, agar bisa menghapus sesi pada perangkat sebelum nya dan pengguna terhindar pemblokiran pada akun karena telah mengakses 3 perangkat... *karena hape saya terkadang saya ganti ROM nya dan saya pernah kena ""tidak bisa mengakses RuangBelajar selama 30 jam"" karena telah diakses 3 perangkat pada hari itu yg disebabkan oleh pergantian ROM tersebut dan juga 30 jam itu terlalu lama :(",luruh bagus tetapi bingung batas perangkat akses akun langgan tolong tambah atur akun perangkat hapus sesi perangkat guna hindar blokir akun akses perangkat hape terkadang ganti kena akses ruangbelajar akses perangkat sebab ganti,netral
1,"Sering error, padahal jaringan sudah bagus tapi nggak bisa ditonton, diteror mulu, mulai dari email, chat, bahkan sampai ditelpon, udh ditolak tetap diganggu, nggak dari ortunya atau anaknya dihubungin mulu padahal sdh berhenti langganan, ditolak 1 ada lagi aja yg nelpon, chat ngespam, semoga bisa menjadi contoh yg lain agar berhati-hati dalam memilih bimbel online ya :)",ring error jaring bagus tidak teror mulu email chat telpon sudah tolak ganggu tidak ortunya anak hubung mulu henti langgan tolak saja nelpon chat ngespam moga contoh hati pilih bimbel online,negatif
4,"Ruang guru bagus dan sangat membantu, tapi tolong untuk pembahasan hitung hitungan, baik fisika/mtk/dll, tolong proses nya juga dicantumkan ka, kadang saya sedikit bingung karena di pembahasan nya kadang kadang hanya tercantum rumus - dimasukan angkanya - kemudian langsung hasil. Mohon dipertimbangkan untuk tambahannya",bagus bantu tolong bahas hitung fisikamtkdll tolong proses cantum kadang bingung bahas kadang cantum rumus masuk angka langsung hasil mohon timbang tambah,netral
3,"Agak Ngeselin, gua udh jawab 40 soal di Bank soal, eh waktu mau Ngumpul malah error, gua tunggu 10 menit, tetep ajaa. Penyimpanan, WiFi, Hp, update apk OKE kok semua. Tapi tetep aja Error sistem nya. Gimana si, yg lebih parah nya, udh ga bisa Kumpul, MENG- SIMPAN DAN KELUAR aja Ga bisa, Harus Rilog, dan Soal yg gua Kerjain harus ulang lagi dari awal. Ngeri si, kecewaa",agak ngesel sudah bank ngumpul eror tunggu ajaa simpan wifi update aplikasi baik tapi saja eror sistem gimana parah sudah tidak kumpul meng simpan luar saja tidak harus rilog soal ulang ngeri cewa,negatif
1,"Promosi setiap hari bahkan itu lewat pesan wa yang itu sangatlah mengganggu, bahkan nomor orangtua juka di wa terus menerus. Sudah konfirmasi tidak mau perpanjangan masih saja terus menerus wa. Tolonglah kalau mau promosi sewajarnya atau bisalah lewat email saja. Mau di blokir nomor mereka ada banyak, sudah 10Â± nomor yang mengirim pesan wa",promosi pesan ganggu nomor orangtua juka terus sudah konfirmasi panjang terus tolong promosi wajar bisa email blokir nomor kirim pesan,negatif
2,"Aplikasinya bagus sebenarnya,. Cuma sayang lama2 jadi ladang bisnis, yg berujung Uang Uang dan Uang... Sistem marketing buruk dalam menawarkan terlalu banyak memaksa dan sering telp/wa., Promosi sewajarnya saja dan apa adanya itu lbh baik,. Makin kesini terlihat sekali bisnisnya bukan pendidikannya lg..",aplikasi bagus cuma sayang ladang bisnis ujung uang sistem marketing buruk tawar paksa telpwa promosi wajar sini bisnis lagi,negatif
1,"Sangat mengganggu! Aplikasi ini dan layanan pelanggannya terus-menerus menghubungi saya lewat WhatsApp untuk promosi dan penawaran pembelian, bahkan setelah saya sudah tidak aktif. Rasanya seperti ditagih utang pinjol, padahal saya hanya ingin belajar dengan tenang. Tolong hargai privasi dan kenyamanan pengguna! ğŸ˜¡ğŸ˜¡ mending apk sebelah gak kaya ruang guru ini!!",sangat ganggu aplikasi layan langgan terusmenerus hubung whatsapp promosi tawar beli aktif rasa tagih utang pinjol ajar tenang tolong harga privasi nyaman guna nding aplikasi belah kaya,negatif
1,"apk pmo gabisa login,lucu emang",aplikasi gabisa loginlucu emang,negatif
1,"Gak mutu, katanya banyak mapelnya kok materi untuk smk gk ada? Hah apa ini pilih kasih. Gak sebagus di iklan ternyata. Uninstall lah. Percuma dapat gratisan klo gk ada materi yang dicari, percuma digembor gemborin di tv kalo gak sesuai harapan, rating cuma pajangan agar pada donlod. Cuih Ampas. Bintang 5? Hah? Bintang setengah aja lebih dari cukup, smk juga butuh ilmu. Kecewa banget, gk sesuai harapan. Hah mapel inti saya anak teknik, krn gak ada materi teknik komputer, permesinan, multimedia dl",mutu mapelnya materi tidak pilih kasih bagus iklan uninstall percuma gratis kalau tidak materi cari gembor gembor kalo suai harap rating pajang donlod cuih ampas bintang saja butuh ilmu cewa banget tidak suai harap mapel inti anak teknik karena materi teknik komputer multimedia dulu,negatif
1,"Saya sarankan untuk rekamannya agar lebih diperhatikan lagi, kemarin saya beli paket khusus sbmptn, dan hasilnya saya malah jadi tidak fokus karna sepertinya rekamannya dirumah, sering dengar suara pintu, byk bertele2nya sehingga video memakan waktu yg cukup panjang. Kalau bisa sebelum upload tolong diuji coba apakah konsumen merasa mengerti dan nyaman.",saya saran rekam perhati beli paket khus sbmptn hasil fokus karna rekam rumah dengar suara pintu tele video makan kalau upload tolong coba konsumen erti nyaman,negatif
4,"bagus, worth itu, terutama adaptonya. tapi gak enaknya itu sekali ajh pernah mutualan sama ini apk, mau itu berlangganan atau sekedar bikin akun doank, siap siap ajh kena telpon. aduh, pengalaman ya, ini marketingnya bener bener"" deh, padahal dari awal udh niat gak mau beli beli lagi, cukup paket ruangbelajar ajh, sampe tiba"" di telfon terus diajak ngobrol sampe ujung"" nya promosi buat upgrade ke brain academy online, yang endingnya malah jadi beli, abis deh 2jt, padahal gak butuh"" amat. aduh.",bagus worth adaptonya enak mutualan aplikasi langgan akun doank kena telpon aduh alam marketingnya bener sudah niat beli paket ruangbelajar sampe telfon ajak ngobrol sampe ujung promosi upgrade academy online endingnya beli abis butuh aduh,netral
3,"Jujur aplikasi nya bagus pembelajarannya juga lengkap, tapi masalahnya cuman, harus langganan biar dapat akses lebih luas, jadi susah untuk belajar hampir semua materi di semua mata pelajaran",aplikasi bagus ajar lengkap cuman langgan biar akses luas susah ajar materi mata ajar,netral
1,"aplikasi jelek, itu sales nya gr"" cuma aku cek doang ga bolehkah? ampe nelepon"" saya lagi sekolah juga ditelepon ganggu banget tau! terus bilang nanya"" harga ke orang tua, oi lu pikir mudah bilang ke ortu lamgsung di izinin gitu aja? ganggu amat hidup orang aplikasi di instal tuh bukan cman buat dipake org juga pasti cek aplikasinya bagus nggak and pasti cek"" harga dong, kalau semisal ""bilang aja ga mampu"" ydah sih ilmu tuh ga semuanya harus pake uang, belajar sendiri lebih baik!",aplikasi jelek sales doang tidak ampe nelepon kolah telepon ganggu banget bilang nanya harga orang pikir mudah bilang ortu lamgsung gitu saja ganggu hidup orang aplikasi instal cman pake aplikasi bagus tidak harga bilang saja tidak ydah ilmu tidak pake uang ajar,negatif
4,Udah bagus banget cuman sayang untuk jenis hp kentang sering lemot harapnya bisa segera atasi hal ini dan juga harapannya ada ruangguru lite untuk lebih ringan lagi â¤â¤â¤,sudah bagus banget cuman sayang jenis ntang harap atas harap lite ringan,netral
1,"Payah...banyak yg berbayar Mau lihat penjelasan jawaban dri hasil pertanyaan saja berbayar. *Yang pandai makin berisi karena berisi juga dompetnya(yang kaya) *Yang pandai akan menurun IQnya karena kekurangan dompetnya(menengah ke bawah) *Yang IQnya di bawah bisa pandai klo bisa mengakses gratis semua fitur didalamnya. Berharap semua kalangan bisa mengakses grasir fitur"" pokok dan pntg di aplikasi ini. Terima kasih...",payahbanyak bayar lihat jelas hasil bayar yang pandai dompetnyang kaya yang pandai turun iqnya kurang dompetnyamengah yang iqnya pandai kalau akses gratis fitur dalam harap kalang akses grasir fitur pntg aplikasi terima kasih,negatif
1,"Saya pengguna RuangGuru. Saya sebenarnya suka aplikasinya, tapi di RuangGuru ini terlalu banyak fitur yang menyatu dengan aplikasi ruang belajar, dan semua itu membuat RuangGuru sering error. Harus di upgrade terus. Contohnya : Saat saya sedang mengikuti Liga RuangGuru (Diary Challenge),banyak sekali kesalahan sistem. Masa jawaban yang nyata benar disalahkan, waktu pengerjaannya ditambahkan, dan jika ada soal yang menambahkan gambar itu sangat lambat. Dan verifikasi hadiah pulsa itu tidak ada!!",saya guna saya suka aplikasi fitur satu aplikasi ajar error harus upgrade contoh saat ikut liga challengebanyak salah sistem masa nyata salah gambar lambat verifikasi hadiah pulsa,netral
1,"Hy , ruang guru kok ketika lihat video yg online lemot amat, sering error' lagi , makanya saya kadang agak males kalo lagi nonton video yg online . Tapi aneh nya kok ketika sudah saya download video nya kadang ilang gitu aja .",lihat video online error kadang males kalo nonton video online tapi aneh download video kadang ilang gitu saja,negatif
5,"Aplikasinya sangat membantu bangettt, sukakkk deh pokoknyaaa. Oh ya mau ngasih saran tolong buat yang for PC juga donk, soalnya kalo di hp suka berantem sama adek jadi mau belajar susah kadang sebulan 5 kali doank atau gk sama sekali, jadi plisss tolong bisa for PC biar aku bisa belajar setiap hari gak ada hambatan, TERIMA KASIHğŸ˜Š",aplikasi bantu banget sukak ngasih saran tolong donk kalo suka antem adek ajar susah kadang bulan kali doank tidak plis tolong biar ajar hambat terima kasih,netral
2,"Kk kok latihan soalnya error setiap mau liat hasil pasti ada tulisan ""mohon maaf sedang terjadi masalah pada sistem, mohon coba lagi beberapa saat"" pas aku login ulang tetep gak bisa latihan soalnya tolong atasi ya kak agar aku bisa belajar lagi.",latih error liat hasil tulis mohon maaf sistem mohon coba ulang latih tolong atas ajar,negatif
4,"Aplikasi ini memang membantu, namun mohon maaf, saya lebih suka yang dulu di mana penjelasannya tidak terlalu teks book sehingga saya lebih mudah mengerti. Yang saya suka dari fitur sekarang adalah animasinya, namun ya itu, pembahasannya terlalu teks book dan cepat, saya tidak bisa menangkapnya dengan baik.",aplikasi bantu mohon maaf suka jelas teks book mudah erti yang suka fitur animasi bahas teks book cepat tangkap,netral
4,"Lumayan bagus sih apk nya,tetapi ad beberapa video yg seharusnya gampang dimengerti malah sedikit diperumitkan,jadi untuk beberapa hal saya kurang puas"":) Tetapi sangat membantu kok untuk aplikasinya,apalagi saat pandemi ini,sangat membantu kami para siswa utk belajar"":)",lumayan bagus aplikasi nyatetapi video gampang erti perumitkanjadi puas tetapi bantu aplikasinyaapalagi pandemi inisangat bantu siswa ajar,netral
1,"Mengapa untuk update sekarang banyak terjadi crash/lag saat membuka video.Bahkan dalam sehari bisa terjadi 3 kali crash dan mengakibatkan sy untuk merestart hp saya,itu sangat menyebalkan,waktu sy terbuang percuma untuk mengatasi app ini.Mohon untuk segera diperbaikiğŸ™",ngapa update crashlag buka videobahkan hari kali crash akibat restart sayaitu nyebalkanwaktu buang atas inimohon baik,negatif
4,"Bagus bermanfaat, tetapi ada kendala tidak bisa lanjut ke progres kelas selanjutnya padahal sudah mengikuti arahan dan sudah centang hijau juga sudah mengikuti mid test, tetapi masih digembok untuk sesi berikutnya. Dimohon untuk diperbaiki.",bagus manfaat ndala progres ikut arah centang hijau ikut test gembok sesi mohon baik,netral
5,"Kak tolong aplikasi Ruangguri jangan ditambah berat donk, soalnya hp saya kentang, jadi sering ngelagging sendiri dan keluar aplikasi, untuk kedepannya biar bisa diperbaiki, sebenarnya segi materi dan penyampaian ruangguru sudah mumpuni namun untuk app-nya sangat berat di perangkat ponsel saya, mohon dapat digunakan sebagai perhatian",tolong aplikasi ruangguri tambah berat donk ntang ngelagging aplikasi depan biar baik segi materi sampai mumpuni appnya berat perangkat ponsel mohon perhati,negatif
1,"Gasuka.sinyal jdi jelek klo lgi muter video. Udah langganan 1 tahun,klo lagi muter psti ""gagal memuat video"".kecewa banget.buat YouTube lancar,fb,wa,ig lancar2 aja.kuota juga masi banyak.ini knp eror???.oh ya min aku ga terlalu suka pembahasan soal klo di tulis di komputer,angkanya gajelas,sama ganyaman.lbih suka klo di papan tulis.",gasukasinyal jelek kalau muter video sudah langgan tahunklo muter psti muat videokecewa bangetbuat youtube lancarfbwaig lancar ajakuota banyakini eroh tidak suka bahas kalau tulis komputerangkanya gajelassama ganyamanlbih suka kalau tulis,negatif
1,saya cukup kecewa dgn aplikasi ini. pertama krn setiap mengakhiri latihan soal selalu eror kesalahan sistem. kedua saya ingin join ke RGDB eh malah disuruh berlangganan lagi padahal sudah berlangganan. padahal kemarin pas promo di TV klu sudah berlangganan bisa menikmati semua fitur dan pelayanan aplikasi Ruangguru secara gratis. ketiga ketika sudah di update versi terbaru eh malah rapor belajar nya yg hilang. giliran pas mau ngelapor ke tim terkait hampir seminggu gk ada perubahan dan respon,cewa aplikasi karena latih eror salah sistem rgdb suruh langgan promo langgan nikmat fitur layan aplikasi gratis tiga update versi baru rapor ajar hilang gilir ngelapor kait minggu tidak ubah respon,negatif
1,"ga bisa daftar, padahal nomer hpnya udah bener ğŸ˜ğŸ˜",tidak daftar nomer hpnya sudah bener,negatif
1,"Sebenarnya sih ini bagus ya, menarik. Namun, saya ga suka dengan cara promosinya yang menyepam. Ya kalau saya udah berlangganan ya gausah dispam lagi dong. Dan setiap ngasih pengumuman ditanya, mengganggu atau tidak, klo mengganggu ya jangan diteruskan. Selain itu, videonya juga kebanyakan basa basi ""halo temanÂ² blaâ´ semenit pervideo, klo saya liatnya 60 video saya buang waktu 1 jam dong. Itu saja si klo aku. Dan saya bingung ini apk kok ratingnya>4,5. Padahal mahal dan susah dipahami.",benar bagus tarik namun tidak suka promosi sepam sudah langgan gausah spam ngasih ganggu kalau ganggu terus sela video banyak basa basi halo teman video kalau liat video buang kalau bingung aplikasi ratingnya padahal mahal susah paham,negatif
1,"Harga mahal, kualitas materi biasa saja. Teman-teman saya berlangganan ruangguru dan saat menjelang ulangan tetap aja nyari dari sumber lain di internet. Kenapa? Karena materinya kurang lengkap dan kurang luas. Selain itu, yang bikin saya jengkel iklan ruangguru kebanyakan spam, ngirim wa gajelas ngajakin ikut ruangguru. Kalau pengguna udah gak mau, yaudah jangan dikirim-kirim beberapa waktu kemudian. Kayaknya sebagian besar duit ruangguru tidak untuk develop aplikasi, tapi promosi.",harga mahal kualitas materi teman langgan jelang ulang saja nyari sumber internet napa karena materi lengkap luas sela jengkel iklan banyak spam ngirim gajelas ngajak kalau guna sudah yaudah kirim kayak duit develop aplikasi promosi,negatif
3,"Membantu untuk memahami lebih dalam tentang materi yang diajarkan disekolah. Tapi setelah Apps nya di update kok jadi berhenti terus ya vidionya, pake wifi atau pake jaringan data juga tetep sama, kirain setelah di update bakal lebih mulus penggunaannya, kan keburu males lagi kalau vidionya error terus:(",bantu paham materi ajar seko tapi apps update henti vidionya pake wifi pake jaring data kira update mulus guna buru males vidionya error,negatif
1,"Ruangguru makin di-update makin rusakğŸ˜’ kalo mau kembali ke home sering layar hitam semua, terus kalo mau login sering ada tulisan ""Dalam mode offline"" terus ada tulisan ""Ruangguru tidak menanggapi"" padahal udah di-update memori hp baikÂ² aja jaringan bagus. Tolong perbaiki!!ğŸ˜‘",update rusak kalo home layar hitam kalo tulis dalam mode offline tulis tanggap sudah update mori saja jaring bagus tolong baik,negatif
2,"sedikit kecewa karena saya sudah berlangganan paket 1 tahun + UTBK tapi untuk mapel akuntansi kelas 11 SMK masih terkunci, dan untuk fitur latihan soal nya masih ada yang belum tersedia : ( . Udah di report berkali kali tetap gk bisa huhu : (",cewa langgan paket utbk mapel akuntansi kunci fitur latih sedia sudah report kali tidak,negatif
2,"Sering banget ngebug, ngefreeze juga, trs lemot. Padahal kecepatan sinyal lancar. Ini saya mau lihat video pembelajaran bagaimana? Ini udh saya refresh berkali-kali. Trs sempat logout juga. Tolong diperbaiki, kasihan yang mau belajar.",ring banget ngebug ngefreeze terus padahal cepat sinyal lancar lihat video ajar sudah refresh kali terus logout tolong baik kasihan ajar,negatif
2,"Agak kesal sih, saya udah coba hubungi cs pada aplikasi Ruangguru langsung mengenai permasalahan download video ruangbelajar dan nggak nemuin sama sekali solusinya... Sudah ikutin langkah"" juga gak bisa, tertera di aplikasi akun dibuka lebih 2 perangkat dan sudah didownload padahal saya sendiri udah keluar juga dari perangkat laptop dan sama sekali gak download baik di perangkat hp maupun laptop.",agak sudah coba hubung aplikasi langsung masalah download video ruangbelajar tidak nemu solusi sudah ikut langkah tera aplikasi akun buka perangkat download sudah perangkat laptop download perangkat laptop,negatif
1,Kok gak bisa login lewat laptop njing,laptop njing,negatif
2,"Server makin jelek, download video semakin lama, banyak bug, sering lag padahal buat yang lain lancar, sub bab makin banyak tapi kurang membantu, sering keluar sendiri. Sudah bersihkan cache sama relog tetep aja, semoga cepet diperbaiki",rver jelek download video lancar bantu sudah cache relog saja moga cepet baik,negatif
1,"Jelek banget ada pelajaran yang tidak bisa jawab pertanyaan aku , dan langganannya terlalu mahal aku kurang mampu untuk membelinya berlangganan . Pelajaran ada yang kurang seperti kelas 7 informatika , prakarya , agama kristen itu pelajaran yang kurang",jelek banget ajar langgan mahal langgan ajar informatika prakarya agama kristen ajar,negatif
